,Player,Nation,Pos,Squad,Age,Born,90s,Touches,Touches Def Pen,Touches Def 3rd,Touches Mid 3rd,Touches Att 3rd,Touches Att Pen,Touches Live,Dribbles	Succ,Dribbles	Att,Dribbles	Succ%,Dribbles #Pl,Dribbles	Megs,	Carries,Carries TotDist,Carries	PrgDist,Carries Prog,Carries 1/3,Carries	CPA,Carries Mis,Carries Dis,Receiving	Targ,Receiving Rec,Receiving Rec%,Receiving Prog
0,Max Aarons,ENG,DF,Norwich City,21-299,2000,9.0,502,43,195,220,119,7,409,14,29,48.3,15,1,304,1740,1127,44,14,2,8,7,339,293,86.4,14
1,Che Adams,SCO,"FW,MF",Southampton,25-109,1996,4.4,147,7,17,63,73,17,143,1,4,25.0,1,0,88,276,142,7,4,2,10,11,214,94,43.9,30
2,Rayan Aït Nouri,FRA,"DF,FW",Wolves,20-146,2001,1.0,58,4,20,24,19,3,47,3,5,60.0,3,1,32,202,152,4,2,0,2,3,33,27,81.8,3
3,Kristoffer Ajer,NOR,DF,Brentford,23-196,1998,6.3,289,32,128,134,44,9,246,4,6,66.7,4,0,126,774,452,15,5,0,6,2,127,106,83.5,7
4,Nathan Aké,NED,DF,Manchester City,26-254,1995,3.0,243,13,83,141,38,2,237,0,0,,0,0,178,987,633,18,1,0,2,0,200,191,95.5,1
5,Marc Albrighton,ENG,"MF,FW",Leicester City,31-346,1989,2.1,87,5,18,35,38,2,70,3,7,42.9,4,1,54,266,104,6,1,2,4,5,82,48,58.5,9
6,Thiago Alcántara,ESP,MF,Liverpool,30-202,1991,2.0,164,4,30,102,42,4,161,0,0,,0,0,115,564,316,19,4,1,4,1,124,117,94.4,7
7,Trent Alexander-Arnold,ENG,DF,Liverpool,23-023,1998,6.7,663,18,126,331,237,15,555,4,10,40.0,4,0,386,1586,897,42,14,3,3,7,452,428,94.7,22
8,Alisson,BRA,GK,Liverpool,29-028,1992,8.0,313,252,309,4,0,0,249,1,1,100.0,1,0,158,550,304,0,0,0,0,0,154,154,100.0,0
9,Allan,BRA,MF,Everton,30-295,1991,8.8,411,34,144,219,72,4,392,5,8,62.5,5,0,240,1282,686,30,11,1,4,11,212,196,92.5,3
10,Dele Alli,ENG,MF,Tottenham,25-202,1996,5.5,239,17,59,126,67,16,232,5,15,33.3,7,1,151,612,326,15,5,0,8,13,182,140,76.9,19
11,Miguel Almirón,PAR,MF,Newcastle Utd,27-262,1994,6.7,256,7,59,108,110,19,253,6,14,42.9,10,1,189,1387,709,33,8,2,8,12,218,159,72.9,15
12,Marcos Alonso,ESP,DF,Chelsea,30-306,1990,5.9,405,25,117,142,160,16,339,3,9,33.3,3,0,235,1248,693,38,6,2,8,7,273,237,86.8,25
13,Steven Alzate,COL,MF,Brighton,23-052,1998,1.0,61,1,14,40,11,1,61,0,0,,0,0,47,227,109,4,3,0,1,2,41,37,90.2,2
14,Daniel Amartey,GHA,DF,Leicester City,26-313,1994,5.0,368,39,195,190,5,0,364,2,4,50.0,2,0,264,1151,747,15,0,0,2,0,276,273,98.9,0
15,Joachim Andersen,DEN,DF,Crystal Palace,25-152,1996,8.4,653,124,371,299,19,6,639,1,2,50.0,1,0,427,2295,1131,22,0,0,1,3,482,476,98.8,1
16,Michail Antonio,JAM,FW,West Ham,31-216,1990,7.9,330,4,19,127,205,58,326,11,22,50.0,13,1,261,1271,726,44,13,10,31,20,450,260,57.8,70
17,Cameron Archer,ENG,"MF,FW",Aston Villa,20-101,2001,0.1,2,0,1,0,1,0,2,0,1,0.0,0,0,1,0,0,0,0,0,0,0,1,0,0.0,0
18,Adam Armstrong,ENG,FW,Southampton,24-262,1997,6.8,187,1,14,72,119,33,176,8,19,42.1,9,1,144,860,494,30,9,8,12,11,278,138,49.6,45
19,Stuart Armstrong,SCO,MF,Southampton,29-214,1992,0.5,35,0,6,17,16,2,35,1,2,50.0,1,0,24,190,107,6,2,1,1,0,33,29,87.9,4
20,Kepa Arrizabalaga,ESP,GK,Chelsea,27-027,1994,1.0,31,26,31,0,0,0,27,0,0,,0,0,20,65,29,0,0,0,0,0,19,19,100.0,0
21,Pierre-Emerick Aubameyang,GAB,FW,Arsenal,32-134,1989,6.8,191,3,14,82,106,34,187,1,3,33.3,1,0,96,602,384,17,7,7,14,4,249,138,55.4,30
22,Jordan Ayew,GHA,"FW,MF",Crystal Palace,30-049,1991,6.5,322,3,42,165,143,24,317,8,16,50.0,8,1,256,1513,776,38,13,7,17,17,271,220,81.2,31
23,Luke Ayling,ENG,DF,Leeds United,30-066,1991,5.0,455,47,222,225,53,5,426,7,10,70.0,7,1,303,1817,1163,35,7,0,6,6,337,322,95.5,6
24,César Azpilicueta,ESP,DF,Chelsea,32-063,1989,7.0,539,47,194,207,158,16,483,6,8,75.0,6,1,308,1040,561,31,8,0,4,3,396,366,92.4,20
25,Daniel Bachmann,AUT,GK,Watford,27-113,1994,4.0,140,130,140,0,0,0,100,0,0,,0,0,69,286,155,0,0,0,0,0,62,62,100.0,0
26,Leon Bailey,JAM,"FW,MF",Aston Villa,24-082,1997,1.5,60,0,4,22,39,7,54,7,8,87.5,7,1,51,399,253,17,2,5,3,4,55,43,78.2,11
27,Folarin Balogun,ENG,FW,Arsenal,20-119,2001,0.8,23,1,3,10,12,6,23,0,2,0.0,0,0,16,50,16,1,0,1,4,2,34,17,50.0,7
28,Patrick Bamford,ENG,FW,Leeds United,28-055,1993,4.8,144,10,20,63,70,30,132,3,6,50.0,4,0,87,338,151,8,2,1,14,6,204,93,45.6,29
29,Shandon Baptiste,GRN,MF,Brentford,23-205,1998,2.1,88,6,26,55,19,4,88,2,3,66.7,2,0,61,336,191,13,3,1,1,2,72,54,75.0,6
30,Ross Barkley,ENG,MF,Chelsea,27-329,1993,0.3,27,0,1,14,17,2,27,0,0,,0,0,19,175,107,6,4,0,1,0,25,23,92.0,3
31,Ashley Barnes,ENG,FW,Burnley,32-000,1989,4.2,138,2,13,73,61,22,134,1,3,33.3,1,0,85,274,113,7,3,2,14,7,192,89,46.4,19
32,Harvey Barnes,ENG,"FW,MF",Leicester City,23-325,1997,6.0,270,6,26,124,157,33,269,7,24,29.2,9,1,226,1464,1011,57,23,13,18,17,287,221,77.0,48
33,Mads Bech Sørensen,DEN,DF,Brentford,22-296,1999,0.2,4,0,1,1,2,0,2,0,0,,0,0,0,0,0,0,0,0,0,0,0,0,,0
34,Jan Bednarek,POL,DF,Southampton,25-201,1996,5.5,307,35,162,142,12,2,295,1,1,100.0,1,0,164,779,393,5,0,0,1,0,171,170,99.4,1
35,Donny van de Beek,NED,MF,Manchester Utd,24-195,1997,0.1,2,0,0,1,2,1,2,0,0,,0,0,2,1,1,1,0,1,0,1,2,2,100.0,1
36,Asmir Begović,BIH,GK,Everton,34-132,1987,1.0,25,24,25,0,0,0,12,0,0,,0,0,5,24,16,0,0,0,0,0,8,8,100.0,0
37,Saïd Benrahma,ALG,"MF,FW",West Ham,26-081,1995,8.5,410,4,39,180,218,32,398,8,19,42.1,9,1,316,1680,827,40,13,9,16,15,400,307,76.8,67
38,Christian Benteke,BEL,FW,Crystal Palace,30-331,1990,6.3,217,15,27,104,94,41,209,5,12,41.7,6,0,110,562,226,14,3,6,24,1,310,163,52.6,52
39,Jóhann Berg Guðmundsson,ISL,MF,Burnley,31-003,1990,5.2,194,6,26,71,115,9,192,7,10,70.0,8,0,135,709,320,15,9,1,6,8,151,120,79.5,22
40,Steven Bergwijn,NED,FW,Tottenham,24-022,1997,2.6,98,3,17,34,62,13,97,3,7,42.9,4,0,76,543,372,11,5,4,3,7,104,70,67.3,18
41,Ryan Bertrand,ENG,DF,Leicester City,32-086,1989,3.7,228,18,71,113,55,4,182,0,1,0.0,1,1,122,543,216,11,3,1,4,5,148,128,86.5,2
42,Mads Bidstrup,DEN,MF,Brentford,20-247,2001,0.3,20,2,9,11,0,0,20,0,1,0.0,0,0,8,25,12,0,0,0,0,2,8,6,75.0,1
43,Yves Bissouma,MLI,MF,Brighton,25-061,1996,4.9,304,14,98,160,68,5,295,9,11,81.8,9,0,214,1256,592,24,7,2,7,3,219,202,92.2,4
44,Jarrod Bowen,ENG,FW,West Ham,24-314,1996,8.7,345,11,52,120,193,40,316,9,16,56.3,10,0,238,1437,625,34,8,6,16,23,340,225,66.2,60
45,Armando Broja,ALB,"FW,MF",Southampton,20-050,2001,2.7,82,2,6,31,50,18,80,2,7,28.6,2,0,45,338,243,8,3,6,6,4,126,55,43.7,17
46,Josh Brownhill,ENG,MF,Burnley,25-315,1995,8.1,354,17,66,180,124,15,344,4,5,80.0,4,0,187,795,362,23,8,1,3,4,238,206,86.6,19
47,Bryan,ESP,"FW,MF",Tottenham,20-261,2001,0.7,49,2,9,11,30,2,48,2,3,66.7,2,0,35,242,154,7,0,0,3,1,37,31,83.8,8
48,Emi Buendía,ARG,"MF,FW",Aston Villa,24-309,1996,4.7,236,8,38,116,101,9,215,6,12,50.0,6,0,155,682,395,25,12,0,6,15,182,148,81.3,25
49,Dan Burn,ENG,DF,Brighton,29-174,1992,3.4,256,24,117,125,29,3,249,0,1,0.0,0,0,156,757,426,13,3,0,2,2,191,176,92.1,1
50,Dominic Calvert-Lewin,ENG,FW,Everton,24-228,1997,2.8,84,3,10,34,41,15,77,0,2,0.0,0,0,34,99,22,1,0,0,10,1,119,54,45.4,15
51,João Cancelo,POR,DF,Manchester City,27-156,1994,9.0,883,18,168,477,292,23,800,16,27,59.3,17,2,641,2954,1533,88,26,10,9,6,646,623,96.4,19
52,Sergi Canós,ESP,DF,Brentford,24-270,1997,8.2,349,24,98,155,119,14,317,7,11,63.6,7,2,210,1153,752,37,13,4,11,9,229,184,80.3,15
53,Todd Cantwell,ENG,"FW,MF",Norwich City,23-245,1998,3.5,161,3,38,88,46,3,158,3,8,37.5,3,0,122,473,222,12,3,0,12,9,157,114,72.6,11
54,Matty Cash,POL,DF,Aston Villa,24-084,1997,8.8,473,31,131,215,157,24,386,5,10,50.0,5,0,246,1530,827,46,14,6,6,9,264,231,87.5,30
55,Timothy Castagne,BEL,DF,Leicester City,25-329,1995,5.6,333,16,125,157,65,6,290,8,8,100.0,8,0,188,801,428,18,6,0,3,6,225,187,83.1,16
56,Craig Cathcart,NIR,DF,Watford,32-266,1989,6.3,311,50,161,127,37,4,275,0,0,,0,0,156,768,394,6,2,0,0,1,169,162,95.9,0
57,Edinson Cavani,URU,FW,Manchester Utd,34-258,1987,1.5,52,2,6,19,28,4,52,0,0,,0,0,26,30,7,0,1,0,1,1,64,38,59.4,9
58,Trevoh Chalobah,ENG,DF,Chelsea,22-117,1999,5.0,352,26,142,192,39,3,346,5,5,100.0,5,0,248,1166,630,30,6,0,0,2,266,260,97.7,0
59,Calum Chambers,ENG,DF,Arsenal,26-283,1995,1.9,122,17,49,61,17,1,108,0,0,,0,0,71,239,106,4,2,0,1,2,73,71,97.3,0
60,Ben Chilwell,ENG,DF,Chelsea,24-313,1996,3.0,208,7,51,71,93,12,168,1,1,100.0,1,0,110,582,309,11,2,3,5,1,131,115,87.8,14
61,Hamza Choudhury,ENG,MF,Leicester City,24-029,1997,0.7,49,3,12,39,1,0,48,1,1,100.0,1,0,22,48,11,0,0,0,1,2,29,26,89.7,0
62,Andreas Christensen,DEN,DF,Chelsea,25-203,1996,6.0,480,87,271,217,10,0,470,2,2,100.0,2,0,313,1215,573,10,1,0,0,0,329,324,98.5,0
63,Carney Chukwuemeka,ENG,MF,Aston Villa,17-296,2004,0.7,20,0,1,12,8,0,20,1,2,50.0,1,0,16,57,20,0,0,0,1,1,24,15,62.5,2
64,Ciaran Clark,IRL,DF,Newcastle Utd,32-034,1989,6.9,295,52,163,120,26,16,291,1,2,50.0,1,0,159,768,370,11,4,0,3,0,174,164,94.3,3
65,Tom Cleverley,ENG,"MF,FW",Watford,32-079,1989,4.0,190,8,43,83,70,4,162,0,0,,0,0,100,391,186,6,1,1,2,6,129,100,77.5,8
66,Conor Coady,ENG,DF,Wolves,28-247,1993,9.0,434,93,264,179,9,4,422,1,1,100.0,1,0,271,1321,714,9,1,0,1,0,303,298,98.3,2
67,Séamus Coleman,IRL,DF,Everton,33-019,1988,6.0,332,20,116,140,96,13,260,7,12,58.3,8,0,176,1025,486,20,8,3,1,3,190,163,85.8,18
68,Nathan Collins,IRL,DF,Burnley,20-183,2001,3.0,134,26,74,57,6,5,133,0,1,0.0,1,0,49,199,71,0,0,0,2,0,46,42,91.3,0
69,Aaron Connolly,IRL,FW,Brighton,21-275,2000,0.7,13,0,0,5,9,2,13,0,0,,0,0,9,58,12,2,0,0,0,1,27,7,25.9,2
70,Liam Cooper,SCO,DF,Leeds United,30-061,1991,9.0,673,88,432,257,22,8,656,2,2,100.0,2,0,425,2536,1489,15,2,0,2,1,452,444,98.2,1
71,Jack Cork,ENG,MF,Burnley,32-127,1989,3.5,107,9,21,58,34,3,105,1,2,50.0,1,0,57,210,112,6,4,1,5,7,69,54,78.3,5
72,Maxwel Cornet,CIV,"MF,FW",Burnley,25-033,1996,2.3,85,4,21,32,38,12,83,3,7,42.9,3,0,56,243,104,6,2,2,5,3,84,49,58.3,12
73,Hélder Costa,POR,MF,Leeds United,27-291,1994,0.2,6,0,1,3,2,0,6,0,0,,0,0,2,6,0,0,0,0,0,0,8,5,62.5,0
74,Vladimír Coufal,CZE,DF,West Ham,29-069,1992,7.0,480,31,145,185,181,8,398,5,6,83.3,5,0,265,1381,701,27,11,2,6,3,279,261,93.5,17
75,Aaron Cresswell,ENG,DF,West Ham,31-319,1989,9.0,725,31,200,364,214,8,601,0,2,0.0,0,0,417,2077,1086,40,24,0,2,4,470,454,96.6,11
76,Charlie Cresswell,ENG,DF,Leeds United,18-327,2002,1.0,79,15,60,26,1,0,79,1,1,100.0,1,0,57,481,309,2,0,0,1,0,59,59,100.0,1
77,Cucho,COL,"FW,MF",Watford,22-193,1999,3.5,152,1,19,71,75,14,141,10,16,62.5,10,0,106,569,341,20,6,4,11,7,150,102,68.0,20
78,Marc Cucurella,ESP,DF,Brighton,23-100,1998,5.6,402,9,86,182,160,9,342,6,12,50.0,6,2,237,1096,651,35,9,1,5,1,301,255,84.7,9
79,Patson Daka,ZAM,"FW,MF",Leicester City,23-021,1998,1.0,32,1,7,15,12,8,32,0,0,,0,0,15,34,19,1,0,1,4,1,39,20,51.3,6
80,Stuart Dallas,NIR,"DF,MF",Leeds United,30-194,1991,8.9,522,22,136,267,153,8,448,5,7,71.4,5,0,308,1795,974,45,18,3,5,14,354,301,85.0,22
81,Diogo Dalot,POR,"DF,FW",Manchester Utd,22-226,1999,1.0,64,3,16,29,28,5,49,2,6,33.3,2,0,31,175,139,8,3,3,1,2,37,34,91.9,5
82,Karl Darlow,ENG,GK,Newcastle Utd,31-022,1990,5.0,161,136,158,3,0,0,102,0,0,,0,0,58,300,170,0,0,0,0,0,56,56,100.0,0
83,Ben Davies,WAL,DF,Tottenham,28-189,1993,0.3,8,2,3,4,1,0,8,0,0,,0,0,4,31,6,1,0,0,0,0,4,3,75.0,0
84,Tom Davies,ENG,MF,Everton,23-122,1998,1.4,73,1,12,38,24,7,72,0,0,,0,0,40,149,62,2,0,1,3,1,58,48,82.8,5
85,Craig Dawson,ENG,DF,West Ham,31-177,1990,4.2,246,33,122,125,13,8,241,0,0,,0,0,145,783,431,15,4,0,0,0,162,160,98.8,0
86,Kevin De Bruyne,BEL,MF,Manchester City,30-124,1991,3.4,242,6,35,104,119,19,226,5,7,71.4,5,1,166,795,510,18,8,2,10,5,205,179,87.3,26
87,Troy Deeney,ENG,FW,Watford,33-123,1988,0.3,11,2,2,1,8,5,11,0,0,,0,0,3,7,4,0,0,0,1,0,18,9,50.0,7
88,Fabian Delph,ENG,MF,Everton,31-343,1989,0.1,11,1,4,9,0,0,11,0,0,,0,0,5,11,0,0,0,0,0,0,6,6,100.0,0
89,Leander Dendoncker,BEL,"MF,FW",Wolves,26-198,1995,3.5,153,11,51,77,30,5,151,0,1,0.0,0,0,88,217,90,5,0,0,4,5,122,91,74.6,6
90,Emmanuel Dennis,NGA,"FW,MF",Watford,23-349,1997,7.4,262,4,37,118,125,33,252,13,26,50.0,15,7,165,825,511,27,7,10,16,16,266,171,64.3,37
91,Kiernan Dewsbury Hall,ENG,MF,Leicester City,23-054,1998,0.1,4,1,3,0,1,1,4,0,1,0.0,0,0,3,4,4,0,0,0,0,0,4,2,50.0,1
92,Ibrahima Diallo,FRA,MF,Southampton,22-236,1999,3.3,168,4,29,112,38,2,167,8,9,88.9,9,1,115,587,308,13,5,0,4,3,152,125,82.2,6
93,Raphael Dias Belloli,BRA,"MF,FW",Leeds United,24-320,1996,7.1,442,12,59,207,202,36,401,17,40,42.5,20,5,307,1639,1072,52,7,13,19,13,392,301,76.8,47
94,Rúben Dias,POR,DF,Manchester City,24-169,1997,8.2,672,68,260,425,27,11,657,0,0,,0,0,474,2704,1604,64,2,0,1,0,533,526,98.7,4
95,Eric Dier,ENG,DF,Tottenham,27-288,1994,8.1,529,112,315,230,12,6,517,0,1,0.0,0,0,316,1522,752,10,1,0,1,0,374,370,98.9,2
96,Lucas Digne,FRA,DF,Everton,28-102,1993,9.0,564,33,197,199,206,12,441,4,7,57.1,4,0,260,1467,843,29,17,1,7,7,282,248,87.9,15
97,Virgil van Dijk,NED,DF,Liverpool,30-114,1991,9.0,689,84,332,367,23,16,671,0,1,0.0,0,0,414,1756,955,25,3,0,1,1,513,502,97.9,2
98,Moussa Djenepo,MLI,MF,Southampton,23-137,1998,4.5,224,7,43,90,102,21,224,12,25,48.0,13,1,163,868,579,27,6,6,17,12,169,137,81.1,18
99,Lewis Dobbin,ENG,"MF,FW",Everton,18-300,2003,0.0,6,0,1,4,2,0,6,0,0,,0,0,5,17,16,0,0,0,0,1,5,5,100.0,0
100,Matt Doherty,IRL,DF,Tottenham,29-287,1992,0.1,7,1,2,4,1,0,6,1,1,100.0,1,0,2,2,2,0,0,0,0,0,1,1,100.0,0
101,Gabriel Dos Santos,BRA,DF,Arsenal,23-315,1997,6.0,363,63,205,170,14,7,358,1,1,100.0,1,0,261,1408,799,16,4,0,0,0,280,274,97.9,1
102,Abdoulaye Doucouré,FRA,MF,Everton,28-302,1993,8.0,430,20,119,220,117,15,428,10,15,66.7,10,0,277,1469,787,28,9,3,6,6,283,250,88.3,23
103,Kieran Dowell,ENG,FW,Norwich City,24-020,1997,0.7,33,1,7,11,16,3,32,2,3,66.7,3,0,23,90,42,4,0,1,2,1,32,26,81.3,6
104,Shane Duffy,IRL,DF,Brighton,29-302,1992,8.0,550,101,360,191,32,14,540,1,1,100.0,1,0,320,1334,703,9,4,0,1,1,396,380,96.0,1
105,Lewis Dunk,ENG,DF,Brighton,29-343,1991,9.0,684,108,432,258,21,7,671,2,2,100.0,2,0,449,1976,929,9,1,0,1,1,527,519,98.5,1
106,Ederson,BRA,GK,Manchester City,28-074,1993,8.0,247,218,242,5,0,0,202,0,0,,0,0,141,644,438,0,0,0,0,0,133,132,99.2,0
107,Odsonne Édouard,FRA,FW,Crystal Palace,23-287,1998,4.0,180,7,18,72,102,25,173,10,19,52.6,11,0,116,523,312,16,6,4,8,13,196,121,61.7,40
108,Harvey Elliott,ENG,MF,Liverpool,18-209,2003,2.8,223,1,18,108,113,17,216,2,7,28.6,2,0,164,742,429,25,10,2,5,1,183,169,92.3,18
109,Mohamed Elneny,EGY,"MF,FW",Arsenal,29-111,1992,0.5,9,2,4,5,0,0,9,0,1,0.0,0,0,5,57,0,0,0,0,0,0,5,5,100.0,0
110,Mohamed Elyounoussi,NOR,MF,Southampton,27-087,1994,6.0,257,6,28,120,133,26,255,4,7,57.1,4,1,171,1172,732,43,18,2,12,18,239,180,75.3,31
111,Emerson,BRA,DF,Tottenham,22-289,1999,5.5,378,22,129,173,90,4,311,3,4,75.0,3,0,175,736,416,23,6,1,5,7,195,174,89.2,7
112,Oghenekaro Etebo,NGA,MF,Watford,25-355,1995,4.1,180,14,64,110,18,0,171,4,5,80.0,4,0,139,627,284,10,2,0,1,2,110,105,95.5,2
113,Jonny Evans,NIR,DF,Leicester City,33-300,1988,2.3,156,39,93,65,2,2,151,0,0,,0,0,74,357,185,2,0,0,0,0,92,89,96.7,0
114,Łukasz Fabiański,POL,GK,West Ham,36-195,1985,9.0,239,225,239,0,0,0,167,0,0,,0,0,94,433,227,0,0,0,0,0,94,93,98.9,0
115,Fabinho,BRA,MF,Liverpool,28-007,1993,5.3,330,12,64,208,73,8,326,1,2,50.0,1,0,212,874,393,19,3,2,6,1,224,223,99.6,9
116,Kiko Femenía,ESP,DF,Watford,30-270,1991,3.0,143,20,54,55,44,1,116,1,2,50.0,1,0,71,388,174,8,3,1,1,3,83,71,85.5,5
117,Bruno Fernandes,POR,MF,Manchester Utd,27-052,1994,8.6,583,9,58,249,311,39,536,5,11,45.5,6,1,355,1612,905,56,21,5,7,11,539,435,80.7,70
118,Federico Fernández,ARG,DF,Newcastle Utd,32-251,1989,4.9,242,50,157,85,11,9,236,0,0,,0,0,156,720,407,0,0,0,0,1,166,163,98.2,2
119,Fernandinho,BRA,MF,Manchester City,36-179,1985,2.1,173,5,34,115,34,4,172,0,0,,0,0,124,498,249,10,3,0,4,5,133,124,93.2,6
120,Roberto Firmino,BRA,FW,Liverpool,30-028,1991,3.3,186,1,14,100,87,24,180,6,15,40.0,7,1,130,521,269,18,7,2,7,7,202,139,68.8,40
121,Junior Firpo,ESP,DF,Leeds United,25-069,1996,5.2,338,8,102,157,102,13,296,4,7,57.1,4,1,208,972,552,22,8,1,6,2,216,201,93.1,14
122,Phil Foden,ENG,FW,Manchester City,21-155,2000,4.2,224,0,16,88,131,35,205,4,8,50.0,5,1,163,785,460,25,9,9,7,9,249,171,68.7,33
123,Pablo Fornals,ESP,"FW,MF",West Ham,25-250,1996,8.8,486,11,70,227,217,32,474,6,15,40.0,6,1,339,1801,953,48,14,5,10,10,436,352,80.7,54
124,Adam Forshaw,ENG,MF,Leeds United,30-022,1991,0.3,25,0,8,18,1,0,23,0,0,,0,0,17,63,12,0,0,0,1,1,21,18,85.7,1
125,Marcus Forss,FIN,"FW,MF",Brentford,22-134,1999,0.7,23,0,2,10,13,2,23,1,2,50.0,1,0,9,27,14,1,0,0,2,0,32,15,46.9,7
126,Ben Foster,ENG,GK,Watford,38-210,1983,5.0,173,146,171,2,0,0,106,0,0,,0,0,59,381,252,0,0,0,0,0,55,54,98.2,0
127,Ryan Fraser,SCO,MF,Newcastle Utd,27-248,1994,1.5,55,0,9,27,24,6,53,1,2,50.0,1,0,40,194,122,7,2,1,4,1,51,37,72.5,5
128,Fred,BRA,MF,Manchester Utd,28-239,1993,6.6,472,20,113,295,78,2,464,3,6,50.0,3,0,294,1052,485,18,2,0,10,5,329,310,94.2,5
129,Ryan Fredericks,ENG,DF,West Ham,29-020,1992,0.0,3,0,0,3,0,0,2,0,0,,0,0,0,0,0,0,0,0,0,0,1,1,100.0,0
130,Conor Gallagher,ENG,MF,Crystal Palace,21-266,2000,7.7,398,13,63,183,174,28,367,13,19,68.4,13,0,274,1227,513,28,8,2,15,16,293,236,80.5,24
131,Dwight Gayle,ENG,FW,Newcastle Utd,31-013,1990,0.2,6,0,0,5,2,1,6,0,0,,0,0,5,6,0,0,0,0,0,0,10,5,50.0,1
132,David de Gea,ESP,GK,Manchester Utd,30-357,1990,9.0,226,217,226,0,0,0,145,0,0,,0,0,82,361,191,0,0,0,1,0,82,82,100.0,0
133,Joe Gelhardt,ENG,"FW,MF",Leeds United,19-179,2002,0.5,18,0,0,7,11,9,18,4,5,80.0,4,0,18,87,66,4,0,1,0,1,27,13,48.1,4
134,Anwar El Ghazi,NED,"FW,MF",Aston Villa,26-180,1995,2.8,104,2,6,37,70,9,101,2,7,28.6,3,0,69,293,200,15,4,2,15,7,127,81,63.8,17
135,Saman Ghoddos,IRN,"MF,DF",Brentford,28-054,1993,1.3,69,1,9,38,26,5,62,2,2,100.0,2,1,35,158,84,4,3,0,1,1,47,35,74.5,5
136,Dimitris Giannoulis,GRE,DF,Norwich City,26-013,1995,4.1,280,26,121,120,59,5,244,14,23,60.9,16,0,185,895,515,19,3,3,9,0,174,156,89.7,11
137,Morgan Gibbs-White,ENG,"FW,MF",Wolves,21-276,2000,0.1,13,0,3,3,8,3,12,0,0,,0,0,7,18,12,1,1,0,0,0,9,8,88.9,3
138,Ben Gibson,ENG,DF,Norwich City,28-288,1993,6.7,432,95,303,139,16,9,417,0,2,0.0,0,0,253,1403,915,18,1,0,1,3,285,278,97.5,0
139,Billy Gilmour,SCO,MF,Norwich City,20-141,2001,3.9,249,14,99,136,29,1,229,3,4,75.0,4,0,147,803,367,12,5,0,1,4,172,167,97.1,3
140,Ben Godfrey,ENG,DF,Everton,23-288,1998,5.5,287,42,149,108,44,10,260,0,2,0.0,0,0,137,857,418,13,5,0,1,3,142,131,92.3,7
141,André Gomes,POR,MF,Everton,28-092,1993,0.8,58,0,9,21,32,4,58,1,1,100.0,1,1,34,158,72,4,0,1,1,2,49,39,79.6,2
142,Joe Gomez,ENG,DF,Liverpool,24-160,1997,0.2,14,1,3,8,3,0,12,0,0,,0,0,6,3,1,0,0,0,0,0,7,7,100.0,0
143,Anthony Gordon,ENG,MF,Everton,20-248,2001,2.0,98,0,19,43,45,10,98,3,5,60.0,3,0,66,448,277,9,3,0,4,4,85,65,76.5,10
144,Dan Gosling,ENG,MF,Watford,31-271,1990,0.2,9,2,6,3,1,0,9,0,0,,0,0,3,5,5,0,0,0,1,0,4,4,100.0,0
145,Demarai Gray,ENG,MF,Everton,25-124,1996,8.4,320,7,30,146,181,32,308,8,20,40.0,8,1,242,1797,1079,55,23,12,19,11,330,222,67.3,55
146,Jack Grealish,ENG,"FW,MF",Manchester City,26-050,1995,7.3,419,4,23,159,275,71,412,13,22,59.1,13,0,372,2649,1797,112,22,40,10,12,415,351,84.6,68
147,Mason Greenwood,ENG,FW,Manchester Utd,20-029,2001,8.1,378,2,27,159,218,38,367,15,21,71.4,15,2,294,1966,1194,64,14,19,15,11,394,301,76.4,54
148,Pascal Groß,GER,"MF,DF",Brighton,30-137,1991,6.7,483,15,103,205,197,17,418,0,1,0.0,1,0,292,1478,652,39,11,2,3,5,376,325,86.4,28
149,Vicente Guaita,ESP,GK,Crystal Palace,34-293,1987,9.0,297,282,297,0,0,0,235,0,0,,0,0,152,600,324,0,0,0,0,0,139,139,100.0,0
150,Marc Guéhi,ENG,DF,Crystal Palace,21-109,2000,9.0,702,92,382,335,27,5,686,1,2,50.0,1,0,491,2701,1436,39,12,1,2,1,523,520,99.4,0
151,İlkay Gündoğan,GER,MF,Manchester City,31-006,1990,5.6,374,6,32,188,177,23,334,5,8,62.5,5,1,254,1050,568,38,11,4,4,6,319,283,88.7,27
152,Grant Hanley,SCO,DF,Norwich City,29-344,1991,9.0,486,109,347,143,10,6,468,4,6,66.7,4,0,257,1007,483,10,0,0,1,1,283,277,97.9,1
153,Jack Harrison,ENG,"MF,FW",Leeds United,24-344,1996,5.5,259,6,40,116,127,13,252,9,18,50.0,10,1,207,1403,942,50,16,6,12,12,251,197,78.5,27
154,Kortney Hause,ENG,DF,Aston Villa,26-106,1995,1.9,87,15,54,30,7,3,85,2,3,66.7,2,0,52,301,111,0,0,0,1,1,48,43,89.6,1
155,Kai Havertz,GER,"FW,MF",Chelsea,22-141,1999,4.3,221,14,36,111,91,23,220,1,10,10.0,1,0,155,830,405,25,6,7,10,8,234,164,70.1,32
156,Isaac Hayden,ENG,"MF,DF",Newcastle Utd,26-222,1995,7.5,317,32,116,157,54,4,303,7,11,63.6,7,0,168,584,286,8,6,0,5,3,185,160,86.5,7
157,Hwang Hee-chan,KOR,"FW,MF",Wolves,25-277,1996,4.7,184,3,32,88,76,19,181,6,17,35.3,8,4,130,611,246,14,2,2,7,8,193,134,69.4,29
158,Jordan Henderson,ENG,MF,Liverpool,31-135,1990,7.1,628,10,83,425,154,10,608,3,8,37.5,3,0,435,1851,773,27,9,2,3,4,518,492,95.0,25
159,Jeff Hendrick,IRL,MF,Newcastle Utd,29-272,1992,0.7,31,1,4,20,8,1,31,1,1,100.0,1,1,24,69,20,0,0,0,0,1,26,23,88.5,1
160,Rico Henry,ENG,DF,Brentford,24-114,1997,8.8,378,23,122,159,127,6,361,9,21,42.9,9,1,247,1125,603,28,10,1,7,18,243,203,83.5,13
161,Son Heung-min,KOR,FW,Tottenham,29-114,1992,7.8,382,1,23,151,235,41,324,10,20,50.0,12,0,255,1471,849,41,19,9,18,18,367,260,70.8,59
162,Ki-Jana Hoever,NED,DF,Wolves,19-285,2002,1.1,70,3,19,37,17,2,55,0,1,0.0,0,0,37,196,132,6,1,2,1,0,42,35,83.3,2
163,Rob Holding,ENG,"DF,MF",Arsenal,26-040,1995,2.0,83,28,55,30,2,2,82,1,1,100.0,1,0,38,206,46,0,0,0,1,1,42,40,95.2,0
164,Mason Holgate,ENG,DF,Everton,25-008,1996,2.0,94,19,60,37,1,0,87,0,0,,0,0,36,201,107,1,0,0,0,1,44,42,95.5,0
165,Callum Hudson-Odoi,ENG,"MF,FW",Chelsea,20-357,2000,2.4,110,3,17,42,60,10,100,5,7,71.4,5,0,84,664,486,20,8,6,3,5,103,73,70.9,14
166,Pierre Højbjerg,DEN,MF,Tottenham,26-086,1995,9.0,708,29,150,482,121,5,685,9,14,64.3,9,1,474,2315,1219,40,14,0,8,3,523,494,94.5,12
167,Adam Idah,IRL,FW,Norwich City,20-233,2001,0.5,25,1,2,8,18,3,23,1,2,50.0,1,0,18,111,55,5,2,0,2,1,31,17,54.8,3
168,Kelechi Iheanacho,NGA,"FW,MF",Leicester City,25-027,1996,3.9,178,2,16,88,84,22,174,8,17,47.1,8,1,138,595,373,22,7,3,17,5,239,128,53.6,29
169,Danny Ings,ENG,FW,Aston Villa,29-099,1992,8.4,218,8,27,92,107,48,205,8,16,50.0,9,1,109,452,246,13,4,1,22,3,288,127,44.1,39
170,Alex Iwobi,NGA,"MF,FW",Everton,25-180,1996,4.2,196,6,32,77,103,22,192,6,12,50.0,7,2,153,934,564,23,6,8,8,7,185,142,76.8,25
171,Daniel James,WAL,FW,Manchester Utd,23-354,1997,1.4,53,1,2,22,33,9,53,0,3,0.0,1,0,33,232,158,10,3,1,5,3,50,34,68.0,15
172,Daniel James,WAL,"MF,FW",Leeds United,23-354,1997,4.4,143,6,24,49,87,19,141,2,9,22.2,3,0,102,715,418,21,8,3,6,10,161,105,65.2,22
173,Reece James,ENG,"DF,MF",Chelsea,21-326,1999,3.1,236,7,64,90,94,14,194,1,2,50.0,1,0,147,579,297,16,6,2,2,3,160,149,93.1,14
174,Vitaly Janelt,GER,MF,Brentford,23-173,1998,5.7,256,16,76,134,59,8,243,2,3,66.7,3,1,141,507,195,9,2,1,7,4,182,149,81.9,8
175,Pontus Jansson,SWE,DF,Brentford,30-259,1991,8.9,392,85,257,138,11,11,380,0,0,,0,0,175,893,389,7,0,1,1,1,223,204,91.5,2
176,Mathias Jensen,DEN,MF,Brentford,25-302,1996,3.1,197,6,41,105,63,5,172,1,1,100.0,1,0,103,490,273,13,3,0,6,3,164,122,74.4,10
177,Gabriel Jesus,BRA,FW,Manchester City,24-210,1997,6.5,365,7,37,144,203,42,361,7,13,53.8,9,1,286,1359,650,48,5,9,16,9,350,280,80.0,38
178,Raúl Jiménez,MEX,FW,Wolves,30-178,1991,8.0,360,9,32,187,160,45,345,16,31,51.6,18,0,267,906,447,25,5,6,25,23,438,271,61.9,61
179,Joelinton,BRA,"MF,FW",Newcastle Utd,25-077,1996,5.6,299,9,46,137,136,28,296,8,17,47.1,8,2,191,760,407,19,4,2,18,21,275,203,73.8,33
180,Ben Johnson,ENG,DF,West Ham,21-279,2000,2.0,151,8,49,75,40,4,130,2,5,40.0,4,0,96,499,258,11,5,0,2,1,91,87,95.6,5
181,Curtis Jones,ENG,MF,Liverpool,20-273,2001,2.6,182,1,21,127,48,5,180,2,2,100.0,2,0,140,750,394,25,6,2,3,8,164,153,93.3,7
182,Jorginho,ITA,MF,Chelsea,29-314,1991,6.2,475,27,129,274,100,3,469,3,3,100.0,3,0,321,1119,474,16,8,0,3,9,370,360,97.3,8
183,Diogo Jota,POR,FW,Liverpool,24-330,1996,6.6,267,9,28,112,143,36,266,6,15,40.0,8,1,187,943,633,32,9,4,17,11,316,209,66.1,48
184,Mathias Jørgensen,DEN,DF,Brentford,31-190,1990,3.6,219,14,78,99,55,3,172,0,0,,0,0,86,454,323,9,4,0,1,2,105,96,91.4,1
185,Ozan Kabak,TUR,DF,Norwich City,21-219,2000,4.8,250,36,165,97,7,0,244,8,9,88.9,8,0,158,818,467,6,3,0,0,2,168,163,97.0,0
186,Christian Kabasele,BEL,DF,Watford,30-248,1991,2.3,128,28,105,27,1,1,128,0,0,,0,0,76,262,132,3,0,0,0,0,84,84,100.0,0
187,Harry Kane,ENG,"FW,MF",Tottenham,28-094,1993,7.2,268,9,22,143,120,35,256,9,19,47.4,9,0,178,874,353,17,9,6,16,11,358,202,56.4,38
188,N'Golo Kanté,FRA,MF,Chelsea,30-215,1991,2.9,192,8,52,90,65,3,191,7,11,63.6,7,0,146,698,414,18,5,1,3,5,157,141,89.8,4
189,Moise Kean,ITA,FW,Everton,21-244,2000,0.0,2,0,0,2,0,0,2,0,0,,0,0,0,0,0,0,0,0,0,1,3,2,66.7,0
190,Michael Keane,ENG,DF,Everton,28-292,1993,9.0,404,74,254,146,17,10,401,1,2,50.0,1,0,190,1023,378,9,3,0,1,1,210,208,99.0,1
191,Naby Keïta,GUI,MF,Liverpool,26-262,1995,3.8,240,4,39,155,62,10,237,1,2,50.0,1,0,163,923,600,25,6,5,3,3,192,171,89.1,12
192,Caoimhín Kelleher,IRL,GK,Liverpool,22-341,1998,1.0,44,30,44,0,0,0,33,0,0,,0,0,26,74,48,0,0,0,0,0,27,27,100.0,0
193,Jonjoe Kenny,ENG,DF,Everton,24-229,1997,0.1,4,0,2,2,0,0,3,0,0,,0,0,2,13,9,1,0,0,0,0,2,2,100.0,0
194,Max Kilman,ENG,DF,Wolves,24-160,1997,9.0,510,58,258,249,37,8,495,1,2,50.0,1,0,320,1831,1112,45,10,1,2,0,334,327,97.9,2
195,Joshua King,NOR,FW,Watford,29-288,1992,5.1,158,8,16,77,77,25,148,7,12,58.3,7,1,97,586,308,17,9,4,17,5,207,106,51.2,36
196,Mateusz Klich,POL,MF,Leeds United,31-139,1990,6.2,325,3,37,159,146,27,320,4,7,57.1,5,0,226,1185,538,27,6,3,6,4,291,241,82.8,44
197,Robin Koch,GER,MF,Leeds United,25-105,1996,1.0,32,4,15,18,0,0,32,1,1,100.0,1,0,21,87,46,0,0,0,0,0,18,14,77.8,0
198,Sead Kolašinac,BIH,DF,Arsenal,28-132,1993,1.0,23,8,17,6,0,0,23,0,0,,0,0,8,30,15,0,0,0,0,0,6,5,83.3,0
199,Ibrahima Konaté,FRA,DF,Liverpool,22-158,1999,2.0,124,16,58,69,2,0,120,0,0,,0,0,80,333,177,6,0,0,1,0,85,83,97.6,2
200,Ezri Konsa,ENG,DF,Aston Villa,24-007,1997,9.0,414,66,212,183,39,23,401,2,2,100.0,2,0,233,918,476,9,3,0,5,2,259,240,92.7,4
201,Cheikhou Kouyaté,SEN,"MF,DF",Crystal Palace,31-313,1989,5.1,257,33,115,134,19,1,251,4,6,66.7,5,0,157,616,283,3,1,0,7,5,139,135,97.1,1
202,Mateo Kovačić,CRO,MF,Chelsea,27-177,1994,7.8,613,16,126,385,163,10,598,14,18,77.8,15,0,456,2561,1365,60,29,3,4,16,495,475,96.0,12
203,Emil Krafth,SWE,DF,Newcastle Utd,27-089,1994,2.0,88,16,49,26,14,3,77,0,0,,0,0,35,133,77,4,0,0,0,0,40,38,95.0,1
204,Tim Krul,NED,GK,Norwich City,33-210,1988,9.0,408,359,403,6,0,0,294,0,0,,0,0,181,757,359,0,0,0,0,0,188,187,99.5,0
205,Juraj Kucka,SVK,MF,Watford,34-246,1987,7.5,332,32,104,175,65,7,327,6,11,54.5,7,3,162,691,322,21,4,0,9,10,216,176,81.5,6
206,Alexandre Lacazette,FRA,"MF,FW",Arsenal,30-155,1991,1.6,82,0,13,39,34,9,80,4,5,80.0,4,0,42,142,72,4,1,0,7,4,82,62,75.6,14
207,Adam Lallana,ENG,MF,Brighton,33-173,1988,8.0,533,23,165,285,113,17,532,7,9,77.8,8,0,358,1669,748,28,6,2,9,6,406,378,93.1,22
208,Tariq Lamptey,ENG,DF,Brighton,21-030,2000,0.7,55,1,15,19,25,4,45,3,6,50.0,3,0,39,243,173,8,2,3,1,0,40,31,77.5,2
209,Manuel Lanzini,ARG,"FW,MF",West Ham,28-257,1993,0.3,27,1,7,14,7,0,26,1,2,50.0,1,0,18,94,56,2,1,0,2,0,18,17,94.4,1
210,Aymeric Laporte,ESP,DF,Manchester City,27-156,1994,6.8,611,63,246,377,43,14,597,1,2,50.0,1,0,442,2739,1894,67,11,1,0,0,493,489,99.2,1
211,Jamaal Lascelles,ENG,DF,Newcastle Utd,27-353,1993,6.0,241,68,175,56,16,11,236,1,1,100.0,1,0,103,498,233,3,0,0,0,0,138,133,96.4,0
212,Pierre Lees-Melou,FRA,MF,Norwich City,28-158,1993,7.2,371,21,106,190,87,11,366,7,14,50.0,10,0,231,951,449,14,4,1,6,1,273,247,90.5,10
213,Aaron Lennon,ENG,MF,Burnley,34-197,1987,1.2,44,1,9,16,21,4,44,1,3,33.3,1,0,24,131,82,4,1,0,1,1,37,26,70.3,0
214,Bernd Leno,GER,GK,Arsenal,29-240,1992,3.0,99,86,99,0,0,0,70,0,0,,0,0,50,274,111,0,0,0,0,0,41,41,100.0,0
215,Jamal Lewis,NIR,DF,Newcastle Utd,23-278,1998,0.1,6,0,3,2,1,0,6,0,0,,0,0,5,9,1,0,0,0,0,0,6,6,100.0,0
216,Victor Lindelöf,SWE,DF,Manchester Utd,27-105,1994,5.3,339,56,200,153,9,1,334,0,0,,0,0,203,1312,731,13,2,0,1,1,226,224,99.1,0
217,Jesse Lingard,ENG,FW,Manchester Utd,28-319,1992,0.7,48,0,2,20,26,4,48,1,1,100.0,1,0,35,195,100,4,0,0,1,1,47,38,80.9,7
218,Valentino Livramento,ENG,DF,Southampton,18-352,2002,8.9,526,25,149,249,180,14,432,15,25,60.0,16,1,319,2311,1474,52,22,6,11,13,302,266,88.1,17
219,Diego Llorente,ESP,DF,Leeds United,28-075,1993,4.1,319,45,190,147,12,3,313,0,0,,0,0,210,1708,1148,15,2,0,1,1,222,218,98.2,0
220,Hugo Lloris,FRA,GK,Tottenham,34-308,1986,9.0,260,244,260,0,0,0,159,0,0,,0,0,89,363,208,0,0,0,0,0,78,77,98.7,0
221,Giovani Lo Celso,ARG,"MF,FW",Tottenham,25-204,1996,1.3,94,0,12,44,41,5,86,2,3,66.7,3,0,66,222,59,3,0,0,4,9,77,65,84.4,13
222,Ruben Loftus-Cheek,ENG,MF,Chelsea,25-280,1996,2.4,209,9,52,133,40,4,209,11,16,68.8,11,2,153,867,547,23,7,1,2,7,147,140,95.2,6
223,Shane Long,IRL,MF,Southampton,34-281,1987,0.2,8,1,1,3,5,1,8,0,1,0.0,0,0,3,3,0,0,0,0,0,0,4,4,100.0,1
224,Sean Longstaff,ENG,MF,Newcastle Utd,24-000,1997,7.0,393,27,117,225,72,4,374,3,4,75.0,3,0,238,1090,372,7,4,0,3,9,243,224,92.2,7
225,Ademola Lookman,ENG,"FW,MF",Leicester City,24-010,1997,2.4,134,0,12,64,64,20,133,9,14,64.3,9,0,117,502,237,14,5,4,7,7,116,95,81.9,26
226,Imran Louza,MAR,MF,Watford,22-182,1999,0.5,22,2,6,13,5,0,21,1,2,50.0,1,0,15,63,41,0,0,0,0,1,15,14,93.3,1
227,Matthew Lowton,ENG,DF,Burnley,32-143,1989,9.0,504,36,146,228,154,6,406,3,7,42.9,4,0,232,925,574,27,11,1,5,6,256,233,91.0,7
228,Douglas Luiz,BRA,MF,Aston Villa,23-174,1998,7.6,371,19,87,215,89,2,343,6,12,50.0,6,1,208,1147,544,25,7,0,6,5,219,195,89.0,9
229,Romelu Lukaku,BEL,FW,Chelsea,28-170,1993,6.8,190,8,13,91,99,42,181,8,13,61.5,9,0,120,512,307,20,5,9,19,12,292,134,45.9,56
230,Alexis Mac Allister,ARG,"FW,MF",Brighton,22-310,1998,2.4,147,4,27,60,69,11,142,0,2,0.0,0,0,88,455,270,13,6,1,3,6,110,88,80.0,17
231,James Maddison,ENG,"MF,FW",Leicester City,24-341,1996,5.8,251,5,34,154,84,17,235,0,6,0.0,0,0,185,1056,555,33,11,2,9,8,241,184,76.3,34
232,Harry Maguire,ENG,DF,Manchester Utd,28-239,1993,7.7,478,78,268,219,22,13,467,1,2,50.0,1,0,290,1705,989,23,6,0,3,2,314,307,97.8,0
233,Riyad Mahrez,ALG,FW,Manchester City,30-251,1991,2.8,211,1,9,75,146,24,196,7,11,63.6,7,0,170,911,604,31,7,4,7,9,196,171,87.2,27
234,Ainsley Maitland-Niles,ENG,"MF,DF",Arsenal,24-062,1997,1.6,107,4,24,55,33,1,103,1,6,16.7,1,0,63,255,134,6,1,0,3,2,73,70,95.9,2
235,Sadio Mané,SEN,FW,Liverpool,29-203,1992,8.2,370,7,35,155,212,64,367,10,23,43.5,10,1,268,1607,871,55,12,14,26,15,444,293,66.0,87
236,Javier Manquillo,ESP,DF,Newcastle Utd,27-178,1994,5.5,210,26,92,87,39,5,181,1,3,33.3,1,0,97,405,185,7,3,1,2,3,106,90,84.9,7
237,Fernando Marçal,BRA,DF,Wolves,32-253,1989,7.6,513,26,152,222,169,4,441,3,5,60.0,3,0,291,1368,858,54,13,2,4,7,319,293,91.8,18
238,Solly March,ENG,"DF,MF",Brighton,27-102,1994,4.1,212,13,52,70,100,18,191,6,10,60.0,6,0,132,658,407,24,3,6,3,7,158,124,78.5,16
239,Pablo Marí,ESP,DF,Arsenal,28-060,1993,2.0,114,15,55,61,7,3,113,1,1,100.0,1,0,59,353,190,4,1,0,0,0,66,65,98.5,2
240,Anthony Martial,FRA,FW,Manchester Utd,25-329,1995,1.7,86,1,5,32,53,15,85,4,4,100.0,4,0,66,384,250,13,3,1,4,2,110,74,67.3,24
241,Martinelli,BRA,FW,Arsenal,20-134,2001,1.8,46,3,4,20,25,5,43,0,3,0.0,0,0,27,142,71,4,2,0,2,1,55,31,56.4,7
242,Emiliano Martínez,ARG,GK,Aston Villa,29-058,1992,8.0,297,253,294,4,0,0,199,0,0,,0,0,136,593,329,0,0,0,0,0,115,115,100.0,0
243,Adam Masina,MAR,DF,Watford,27-301,1994,4.5,264,28,112,119,44,0,223,4,4,100.0,4,0,136,648,378,12,4,0,2,1,152,143,94.1,3
244,Jean-Philippe Mateta,FRA,FW,Crystal Palace,24-124,1997,0.7,16,2,5,11,1,0,13,2,2,100.0,2,0,6,18,0,0,0,0,0,0,22,9,40.9,0
245,Nemanja Matić,SRB,MF,Manchester Utd,33-090,1988,3.1,278,13,70,171,64,2,274,5,5,100.0,5,0,195,1170,775,36,8,0,3,3,208,203,97.6,1
246,Joël Matip,CMR,DF,Liverpool,30-083,1991,7.0,568,67,244,341,35,13,559,2,2,100.0,2,0,368,2292,1565,54,13,1,3,0,434,422,97.2,3
247,Neal Maupay,FRA,FW,Brighton,25-077,1996,8.1,259,3,21,109,144,33,243,5,14,35.7,8,0,165,662,261,21,8,3,15,12,389,190,48.8,67
248,Bryan Mbeumo,FRA,FW,Brentford,22-084,1999,8.2,284,3,28,100,170,40,273,11,22,50.0,12,1,182,746,370,24,7,6,22,15,412,202,49.0,62
249,James McArthur,SCO,MF,Crystal Palace,34-023,1987,8.7,586,26,128,343,147,18,560,9,15,60.0,9,1,397,2020,985,35,12,2,7,16,416,370,88.9,20
250,Alex McCarthy,ENG,GK,Southampton,31-331,1989,9.0,287,237,287,0,0,0,207,0,0,,0,0,135,504,292,0,0,0,0,0,130,129,99.2,0
251,John McGinn,SCO,MF,Aston Villa,27-012,1994,7.4,377,9,66,214,129,6,338,10,16,62.5,10,0,241,1102,567,27,12,2,8,10,257,231,89.9,22
252,Kenny McLean,SCO,MF,Norwich City,29-295,1992,7.5,350,20,116,193,66,8,340,6,12,50.0,6,0,219,1217,596,24,9,0,6,9,287,235,81.9,11
253,Dwight McNeil,ENG,MF,Burnley,21-342,1999,8.8,421,24,76,181,198,11,400,18,36,50.0,20,1,322,2108,934,56,18,3,9,17,311,249,80.1,21
254,Scott McTominay,SCO,MF,Manchester Utd,24-326,1996,4.9,292,15,66,165,86,12,287,7,10,70.0,7,0,192,904,475,23,16,1,5,4,231,206,89.2,15
255,Ben Mee,ENG,DF,Burnley,32-037,1989,6.0,282,36,140,137,15,12,277,1,1,100.0,1,0,141,708,301,7,0,0,1,0,151,146,96.7,0
256,Benjamin Mendy,FRA,DF,Manchester City,27-105,1994,0.9,94,0,16,57,28,1,82,1,2,50.0,1,1,69,302,204,8,4,0,0,1,72,69,95.8,1
257,Edouard Mendy,SEN,GK,Chelsea,29-243,1992,8.0,282,258,281,1,0,0,213,0,0,,0,0,129,486,199,0,0,0,0,0,136,135,99.3,0
258,Illan Meslier,FRA,GK,Leeds United,21-242,2000,9.0,399,361,399,1,0,0,303,0,0,,0,0,222,924,464,0,0,0,0,0,199,199,100.0,0
259,Luka Milivojević,SRB,MF,Crystal Palace,30-206,1991,3.6,244,6,51,145,59,0,226,2,2,100.0,2,0,140,568,260,11,5,0,0,0,169,167,98.8,3
260,James Milner,ENG,"DF,MF",Liverpool,35-299,1986,4.1,337,21,93,157,99,5,300,1,2,50.0,1,0,188,760,419,19,5,0,3,1,224,205,91.5,10
261,Yerry Mina,COL,DF,Everton,27-037,1994,5.1,219,56,140,80,8,6,216,0,0,,0,0,108,624,288,5,0,0,1,0,117,111,94.9,1
262,Tyrone Mings,ENG,DF,Aston Villa,28-231,1993,8.0,499,72,272,223,38,18,474,2,3,66.7,2,0,255,1351,668,11,4,0,4,1,312,287,92.0,2
263,Tyrick Mitchell,ENG,DF,Crystal Palace,22-059,1999,9.0,625,24,218,275,167,11,516,5,9,55.6,6,0,364,1591,797,31,15,2,11,15,366,343,93.7,16
264,Jakub Moder,POL,"MF,DF",Brighton,22-206,1999,4.9,266,9,56,100,127,24,261,2,9,22.2,2,0,169,892,389,19,7,0,9,8,237,189,79.7,28
265,Wesley Moraes,BRA,FW,Aston Villa,24-338,1996,0.0,4,0,0,1,3,0,4,0,0,,0,0,1,0,0,0,0,0,1,0,6,4,66.7,1
266,Mason Mount,ENG,"MF,FW",Chelsea,22-293,1999,5.0,291,4,39,100,171,25,273,6,13,46.2,7,0,212,1075,628,30,12,7,7,11,278,225,80.9,40
267,Lucas Moura,BRA,FW,Tottenham,29-078,1992,7.0,386,8,43,247,138,17,382,18,30,60.0,20,0,273,1390,857,54,22,3,18,19,360,282,78.3,23
268,João Moutinho,POR,MF,Wolves,35-052,1986,8.3,506,19,117,280,136,2,453,2,3,66.7,3,0,332,1422,773,30,10,0,4,4,340,322,94.7,13
269,Bali Mumba,ENG,DF,Norwich City,20-022,2001,0.5,19,8,12,4,3,0,19,0,1,0.0,0,0,9,53,19,1,0,0,0,0,9,8,88.9,0
270,Jacob Murphy,ENG,"DF,MF",Newcastle Utd,26-248,1995,3.7,193,5,43,88,75,10,154,5,8,62.5,6,0,108,743,513,30,7,1,3,5,112,98,87.5,8
271,Enock Mwepu,ZAM,MF,Brighton,23-302,1998,1.4,66,6,22,29,20,5,66,1,3,33.3,1,0,43,195,105,4,1,0,3,1,57,38,66.7,7
272,Marvelous Nakamba,ZIM,MF,Aston Villa,27-284,1994,2.3,112,3,20,81,16,0,112,2,2,100.0,2,0,77,405,127,5,2,0,1,2,79,72,91.1,2
273,Wilfred Ndidi,NGA,MF,Leicester City,24-318,1996,6.0,399,20,125,246,47,4,396,1,1,100.0,1,0,257,1208,536,18,5,0,3,6,264,254,96.2,5
274,Tanguy Ndombele,FRA,MF,Tottenham,24-306,1996,4.2,287,0,31,186,93,12,279,13,20,65.0,13,1,219,1071,642,41,13,6,13,14,259,232,89.6,26
275,Reiss Nelson,ENG,FW,Arsenal,21-324,1999,0.2,16,0,0,7,10,2,16,0,0,,0,0,11,44,14,0,0,0,1,0,12,11,91.7,3
276,Rúben Neves,POR,MF,Wolves,24-231,1997,7.1,552,19,113,345,122,2,534,5,6,83.3,6,0,413,1471,738,28,8,2,3,8,404,394,97.5,11
277,Jeremy Ngakia,ENG,DF,Watford,21-053,2000,3.3,202,14,82,83,51,1,162,7,10,70.0,7,2,105,490,278,10,6,0,0,2,106,97,91.5,2
278,Saúl Ñíguez,ESP,MF,Chelsea,26-343,1994,0.5,41,1,9,29,4,0,40,0,0,,0,0,14,56,16,1,0,0,0,3,30,29,96.7,1
279,Nicolas Nkoulou,CMR,DF,Watford,31-217,1990,0.2,3,1,1,2,0,0,3,0,0,,0,0,1,4,0,0,0,0,0,0,1,1,100.0,0
280,Mark Noble,ENG,FW,West Ham,34-175,1987,0.0,8,0,2,5,1,1,7,0,0,,0,0,3,7,1,0,0,0,0,0,6,6,100.0,0
281,Mathias Normann,NOR,MF,Norwich City,25-155,1996,4.4,246,19,86,114,57,1,222,10,12,83.3,10,0,145,628,291,11,1,0,6,5,156,144,92.3,0
282,Christian Nørgaard,DEN,MF,Brentford,27-234,1994,8.9,469,23,123,295,66,18,448,4,6,66.7,4,0,239,800,397,15,3,1,2,8,295,256,86.8,5
283,Angelo Ogbonna,ITA,DF,West Ham,33-160,1988,9.0,463,57,254,224,14,8,458,0,0,,0,0,305,1790,676,6,1,0,0,1,325,313,96.3,1
284,Michael Olise,FRA,"FW,MF",Crystal Palace,19-322,2001,1.5,94,1,8,47,50,8,90,2,5,40.0,2,0,62,402,237,14,7,0,2,3,87,72,82.8,3
285,Andrew Omobamidele,IRL,DF,Norwich City,19-129,2002,1.2,68,14,42,31,0,0,67,0,0,,0,0,44,203,71,1,0,0,1,1,48,47,97.9,0
286,Frank Onyeka,NGA,MF,Brentford,23-302,1998,5.3,196,11,41,106,61,9,193,7,9,77.8,8,0,112,659,355,16,7,2,5,9,138,106,76.8,13
287,Divock Origi,BEL,FW,Liverpool,26-195,1995,0.0,2,1,2,0,0,0,2,0,0,,0,0,1,0,0,0,0,0,0,1,1,1,100.0,0
288,Alex Oxlade-Chamberlain,ENG,"MF,FW",Liverpool,28-076,1993,1.4,92,1,10,56,30,3,91,2,3,66.7,2,0,62,332,217,9,4,0,1,4,79,68,86.1,2
289,Cole Palmer,ENG,MF,Manchester City,19-177,2002,0.3,24,0,1,11,14,4,24,0,0,,0,0,16,109,66,2,1,1,1,2,21,20,95.2,5
290,Emerson Palmieri,ITA,DF,Chelsea,27-088,1994,0.1,2,0,0,1,1,1,2,0,0,,0,0,2,10,2,0,0,0,0,0,2,2,100.0,1
291,Thomas Partey,GHA,MF,Arsenal,28-139,1993,5.0,302,15,89,176,65,6,292,4,7,57.1,4,0,194,982,489,20,9,0,2,2,201,194,96.5,0
292,João Pedro,BRA,"MF,FW",Watford,20-034,2001,1.2,61,1,8,28,28,6,61,4,9,44.4,4,0,45,200,116,4,2,2,5,6,62,43,69.4,4
293,Nicolas Pépé,CIV,"FW,MF",Arsenal,26-154,1995,5.3,319,10,48,91,197,43,280,10,25,40.0,10,1,219,974,490,30,8,7,22,10,256,205,80.1,38
294,Ricardo Pereira,POR,DF,Leicester City,28-024,1993,5.6,395,17,105,210,94,13,346,6,10,60.0,6,2,248,836,527,27,4,3,3,3,267,234,87.6,9
295,Ayoze Pérez,ESP,"FW,MF",Leicester City,28-099,1993,1.5,75,0,6,43,29,11,74,0,4,0.0,0,0,48,168,112,7,3,1,3,3,77,56,72.7,16
296,Romain Perraud,FRA,DF,Southampton,24-038,1997,4.8,225,9,53,99,83,5,173,1,2,50.0,1,0,102,534,276,13,6,2,5,4,123,102,82.9,9
297,Kalvin Phillips,ENG,MF,Leeds United,25-332,1995,6.0,412,23,118,248,75,4,396,2,5,40.0,3,0,267,1377,558,14,3,1,5,6,274,264,96.4,9
298,Jaden Philogene Bidace,ENG,FW,Aston Villa,19-165,2002,0.1,3,0,1,0,2,0,3,0,0,,0,0,1,0,0,0,0,0,0,1,4,2,50.0,1
299,Jordan Pickford,ENG,GK,Everton,27-237,1994,8.0,271,247,270,1,0,0,179,0,0,,0,0,124,758,439,0,0,0,0,0,104,104,100.0,0
300,Erik Pieters,NED,"DF,MF",Burnley,33-084,1988,1.1,59,9,24,25,13,0,52,0,1,0.0,0,0,28,113,50,0,2,0,1,0,31,27,87.1,0
301,Ethan Pinnock,JAM,DF,Brentford,28-154,1993,8.0,469,78,283,154,55,14,403,1,1,100.0,1,0,197,1193,634,8,4,0,4,4,241,232,96.3,3
302,Daniel Podence,POR,"FW,MF",Wolves,26-009,1995,1.7,87,0,9,28,59,6,77,7,7,100.0,7,0,68,357,285,15,6,1,4,1,95,62,65.3,14
303,Paul Pogba,FRA,"MF,FW",Manchester Utd,28-229,1993,7.0,551,11,81,336,171,24,546,20,27,74.1,21,0,409,1754,1076,53,9,4,11,16,478,428,89.5,28
304,Nick Pope,ENG,GK,Burnley,29-194,1992,9.0,287,244,283,6,0,0,186,0,0,,0,0,113,767,470,0,0,0,0,0,76,76,100.0,0
305,Teemu Pukki,FIN,FW,Norwich City,31-215,1990,8.4,214,1,20,101,101,38,187,4,14,28.6,5,0,134,474,215,14,3,5,13,14,276,130,47.1,52
306,Christian Pulisic,USA,MF,Chelsea,23-042,1998,0.9,40,0,0,14,29,6,40,3,5,60.0,4,0,36,171,53,4,1,0,4,2,44,34,77.3,6
307,Jesuran Rak Sakyi,ENG,MF,Crystal Palace,19-025,2002,0.2,13,0,1,8,4,0,11,0,0,,0,0,8,33,4,0,0,0,0,1,11,9,81.8,1
308,Aaron Ramsdale,ENG,GK,Arsenal,23-169,1998,6.0,218,183,217,2,0,0,157,1,1,100.0,1,0,101,554,331,0,0,0,0,0,84,83,98.8,0
309,Jacob Ramsey,ENG,MF,Aston Villa,20-155,2001,5.3,216,6,28,112,96,13,213,5,7,71.4,6,0,144,969,547,27,8,2,15,7,177,143,80.8,27
310,Marcus Rashford,ENG,FW,Manchester Utd,23-364,1997,1.0,43,0,3,17,29,7,43,2,4,50.0,3,1,37,251,186,11,5,2,1,3,67,38,56.7,10
311,Milot Rashica,KVX,"FW,MF",Norwich City,25-124,1996,5.1,191,5,37,78,92,14,174,5,13,38.5,7,3,127,950,662,24,9,4,6,12,173,114,65.9,29
312,David Raya,ESP,GK,Brentford,26-045,1995,9.0,433,351,430,5,0,0,327,0,0,,0,0,218,1114,587,0,0,0,1,0,216,215,99.5,0
313,Nathan Redmond,ENG,"MF,FW",Southampton,27-238,1994,6.1,296,9,34,128,162,19,276,11,18,61.1,12,2,196,1405,778,47,17,5,9,7,271,204,75.3,29
314,Sergio Reguilón,ESP,DF,Tottenham,24-318,1996,8.9,514,37,154,232,157,8,446,7,21,33.3,7,0,305,1467,791,34,14,2,10,5,327,293,89.6,18
315,Declan Rice,ENG,MF,West Ham,22-289,1999,9.0,616,34,181,403,110,9,615,10,15,66.7,13,1,439,3491,1896,67,29,1,4,7,442,422,95.5,10
316,Taylor Richards,ENG,MF,Brighton,20-330,2000,0.2,20,0,3,9,9,0,20,0,0,,0,0,16,61,37,2,1,0,0,1,16,15,93.8,1
317,Richarlison,BRA,"MF,FW",Everton,24-173,1997,4.2,168,7,27,64,85,24,165,5,15,33.3,5,1,109,446,245,13,3,4,17,13,179,105,58.7,29
318,Jaïro Riedewald,NED,MF,Crystal Palace,25-051,1996,1.1,53,1,16,33,11,1,49,0,2,0.0,0,0,36,152,54,3,2,0,1,1,38,34,89.5,3
319,Matt Ritchie,SCO,DF,Newcastle Utd,32-050,1989,9.0,548,26,162,225,183,7,421,1,3,33.3,1,1,267,1012,470,20,4,0,5,2,280,264,94.3,7
320,Tyler Roberts,WAL,"MF,FW",Leeds United,22-291,1999,3.3,156,3,19,68,81,23,153,2,8,25.0,2,0,117,684,363,19,7,4,8,5,145,112,77.2,32
321,Andrew Robertson,SCO,DF,Liverpool,27-233,1994,5.6,508,24,112,261,163,13,436,1,3,33.3,1,1,309,1402,872,39,12,3,1,6,356,336,94.4,19
322,Joe Rodon,WAL,DF,Tottenham,24-008,1997,0.9,31,10,18,14,1,0,31,0,0,,0,0,16,49,5,0,0,0,0,0,17,15,88.2,0
323,Rodri,ESP,MF,Manchester City,25-130,1996,7.0,578,28,122,374,121,6,573,1,3,33.3,1,0,399,1588,785,33,9,0,2,4,461,441,95.7,14
324,Rodrigo,ESP,"FW,MF",Leeds United,30-238,1991,6.5,262,7,39,128,114,21,244,8,13,61.5,8,0,194,779,312,20,8,2,19,8,293,191,65.2,51
325,Jay Rodriguez,ENG,FW,Burnley,32-093,1989,2.1,57,1,5,23,32,9,57,2,2,100.0,2,0,32,247,94,6,1,0,1,2,96,39,40.6,15
326,Mads Roerslev,DEN,DF,Brentford,22-128,1999,0.5,20,4,10,7,3,0,20,0,1,0.0,1,0,9,17,8,0,0,0,1,0,11,8,72.7,1
327,Cristian Romero,ARG,DF,Tottenham,23-186,1998,3.9,263,36,146,128,8,3,259,1,1,100.0,1,0,166,878,440,6,2,0,3,1,166,163,98.2,2
328,Oriol Romeu,ESP,MF,Southampton,30-036,1991,8.4,524,22,141,307,110,5,515,7,11,63.6,7,0,332,1757,1002,44,12,2,10,3,365,343,94.0,15
329,Cristiano Ronaldo,POR,FW,Manchester Utd,36-267,1985,5.4,240,3,12,104,137,42,230,2,6,33.3,3,0,156,695,453,35,10,8,11,6,282,190,67.4,49
330,Salomón Rondón,VEN,FW,Everton,32-044,1989,4.8,141,6,12,65,67,21,138,0,3,0.0,0,0,61,246,112,5,1,1,8,5,229,103,45.0,22
331,Danny Rose,ENG,DF,Watford,31-120,1990,5.0,285,23,103,126,70,2,210,9,13,69.2,9,2,128,561,363,19,5,0,3,5,136,121,89.0,6
332,Antonio Rüdiger,GER,DF,Chelsea,28-241,1993,8.0,543,63,263,274,46,9,534,3,3,100.0,3,0,365,1797,1038,32,14,0,1,2,426,418,98.1,3
333,Lukas Rupp,GER,MF,Norwich City,30-295,1991,2.8,155,11,48,84,31,3,153,1,1,100.0,1,0,106,352,172,8,2,0,4,5,113,102,90.3,2
334,José Sá,POR,GK,Wolves,28-286,1993,9.0,247,224,242,5,0,0,168,0,0,,0,0,120,734,423,0,0,0,0,0,68,68,100.0,0
335,Allan Saint-Maximin,FRA,"FW,MF",Newcastle Utd,24-232,1997,8.9,383,2,28,205,214,42,365,32,49,65.3,35,0,346,2660,1790,84,37,21,20,39,413,295,71.4,45
336,Romain Saïss,MAR,DF,Wolves,31-218,1990,8.4,554,71,282,266,34,11,541,1,1,100.0,1,0,309,1324,687,20,6,1,1,1,355,347,97.7,1
337,Bukayo Saka,ENG,"FW,MF",Arsenal,20-055,2001,7.0,353,6,51,159,179,39,344,10,19,52.6,10,1,279,1750,1137,57,18,10,19,15,334,266,79.6,48
338,Mohamed Salah,EGY,FW,Liverpool,29-137,1992,9.0,453,2,22,156,305,78,447,18,36,50.0,21,1,333,1451,880,59,11,17,26,21,558,377,67.6,98
339,Mohammed Salisu,GHA,DF,Southampton,22-196,1999,8.6,577,80,303,295,22,7,564,3,5,60.0,3,0,337,2334,1121,31,3,0,3,1,326,320,98.2,1
340,Albert Sambi Lokonga,BEL,MF,Arsenal,22-008,1999,5.4,391,18,114,208,93,1,382,3,4,75.0,3,0,264,1766,1017,43,10,0,6,2,285,274,96.1,5
341,Davinson Sánchez,COL,DF,Tottenham,25-140,1996,4.1,232,44,124,110,8,4,230,0,1,0.0,0,0,145,694,349,11,1,0,0,1,169,164,97.0,0
342,Robert Sánchez,ESP,GK,Brighton,23-346,1997,9.0,452,360,448,4,0,0,382,0,0,,0,0,274,1124,635,0,0,0,0,1,278,278,100.0,0
343,Jadon Sancho,ENG,FW,Manchester Utd,21-219,2000,3.3,213,3,20,84,129,17,209,5,10,50.0,5,1,165,1038,710,41,10,8,1,9,218,183,83.9,32
344,Josh Sargent,USA,FW,Norwich City,21-252,2000,4.9,179,6,25,81,83,25,174,6,9,66.7,6,0,117,533,239,15,3,1,18,17,196,115,58.7,32
345,Ismaila Sarr,SEN,"MF,FW",Watford,23-247,1998,8.7,344,3,47,141,193,45,341,18,28,64.3,20,4,279,1913,1321,66,23,17,26,29,386,270,69.9,56
346,Malang Sarr,FRA,DF,Chelsea,22-280,1999,1.0,84,11,44,37,6,0,80,0,0,,0,0,47,166,83,3,1,0,0,0,47,47,100.0,0
347,Fabian Schär,SUI,DF,Newcastle Utd,29-314,1991,2.0,109,19,71,44,4,0,102,1,1,100.0,1,0,60,383,276,6,2,0,1,0,61,60,98.4,0
348,Jeffrey Schlupp,GHA,"MF,FW",Crystal Palace,28-311,1992,1.9,81,1,13,39,32,9,80,4,7,57.1,4,1,56,212,90,5,0,0,7,6,74,57,77.0,6
349,Kasper Schmeichel,DEN,GK,Leicester City,34-359,1986,9.0,373,333,371,2,0,0,245,0,0,,0,0,155,643,300,0,0,0,0,0,158,156,98.7,0
350,Ken Sema,SWE,"MF,FW",Watford,28-030,1993,2.7,96,7,27,39,36,6,93,3,7,42.9,4,1,64,324,210,11,1,2,4,8,95,62,65.3,15
351,Nélson Semedo,POR,DF,Wolves,27-348,1993,7.9,461,29,119,189,195,17,401,7,13,53.8,9,0,307,1602,1104,54,20,8,10,9,317,275,86.8,26
352,Jamie Shackleton,ENG,DF,Leeds United,22-022,1999,4.6,344,12,119,174,78,10,303,6,12,50.0,6,1,235,1190,653,23,6,2,4,4,229,214,93.4,11
353,Luke Shaw,ENG,DF,Manchester Utd,26-110,1995,8.4,636,20,131,291,263,8,523,4,9,44.4,5,0,405,2224,1370,58,28,1,5,7,461,415,90.0,21
354,Jonjo Shelvey,ENG,MF,Newcastle Utd,29-245,1992,1.0,53,2,15,31,10,0,51,0,0,,0,0,32,209,79,5,0,0,1,1,33,33,100.0,0
355,Francisco Sierralta,CHI,DF,Watford,24-177,1997,2.7,153,45,125,34,0,0,149,1,1,100.0,1,0,89,362,170,0,0,0,1,0,98,95,96.9,0
356,Bernardo Silva,POR,MF,Manchester City,27-081,1994,7.4,502,16,83,242,218,42,482,18,30,60.0,21,0,366,2209,1249,69,22,10,7,7,420,365,86.9,39
357,Fábio Silva,POR,"DF,FW",Wolves,19-103,2002,0.4,13,0,2,3,9,6,13,0,0,,0,0,6,9,5,0,0,0,1,0,21,10,47.6,4
358,Thiago Silva,BRA,DF,Chelsea,37-038,1984,5.2,408,75,226,198,12,4,400,2,2,100.0,2,0,233,1332,848,20,3,0,3,1,260,259,99.6,0
359,Moussa Sissoko,FRA,MF,Watford,32-075,1989,6.8,303,26,93,176,56,4,295,10,14,71.4,10,0,170,969,452,16,5,2,4,6,183,167,91.3,9
360,Oliver Skipp,ENG,MF,Tottenham,21-044,2000,7.8,488,19,112,356,37,2,478,1,1,100.0,1,0,327,1298,600,32,6,2,5,6,365,350,95.9,3
361,Emile Smith-Rowe,ENG,"MF,FW",Arsenal,21-094,2000,8.0,377,8,52,193,178,27,369,19,25,76.0,20,0,300,1872,1264,63,29,10,15,13,334,289,86.5,28
362,Cédric Soares,POR,DF,Arsenal,30-060,1991,2.1,86,14,31,36,22,0,74,0,1,0.0,0,0,42,158,71,3,3,0,0,0,55,44,80.0,0
363,Tomáš Souček,CZE,MF,West Ham,26-245,1995,8.9,505,34,128,279,127,26,502,2,5,40.0,2,0,291,1227,594,25,14,1,8,3,382,325,85.1,18
364,Boubakary Soumaré,FRA,MF,Leicester City,22-245,1999,4.3,248,12,59,144,58,3,247,3,5,60.0,3,0,172,764,318,16,3,0,6,9,197,179,90.9,11
365,Çağlar Söyüncü,TUR,DF,Leicester City,25-160,1996,8.7,663,109,406,288,15,3,648,2,3,66.7,2,0,431,2179,1028,17,3,0,1,3,473,462,97.7,1
366,Jed Steer,ENG,GK,Aston Villa,29-037,1992,1.0,37,33,36,1,0,0,28,0,0,,0,0,20,86,61,0,0,0,0,0,20,19,95.0,0
367,Zack Steffen,USA,GK,Manchester City,26-211,1995,1.0,39,35,39,0,0,0,30,0,0,,0,0,18,58,23,0,0,0,0,0,20,20,100.0,0
368,Jack Stephens,ENG,DF,Southampton,27-276,1994,4.4,265,33,134,143,15,2,254,0,0,,0,0,148,1103,738,19,7,0,0,0,166,161,97.0,1
369,Raheem Sterling,ENG,FW,Manchester City,26-326,1994,4.1,176,0,8,75,112,40,175,6,13,46.2,6,1,151,784,511,25,9,8,11,8,220,149,67.7,42
370,John Stones,ENG,DF,Manchester City,27-155,1994,1.0,55,15,33,24,0,0,55,0,0,,0,0,36,234,89,2,0,0,0,0,42,41,97.6,0
371,Pascal Struijk,NED,"DF,MF",Leeds United,22-080,1999,5.3,372,56,223,150,13,2,367,0,0,,0,0,225,1183,538,6,0,0,1,4,246,235,95.5,3
372,Crysencio Summerville,NED,"MF,FW",Leeds United,20-000,2001,0.8,57,1,7,16,35,5,56,2,5,40.0,2,0,48,236,91,7,0,1,2,4,47,37,78.7,9
373,Japhet Tanganga,ENG,DF,Tottenham,22-213,1999,4.0,226,25,76,92,68,7,191,1,3,33.3,1,0,113,443,277,8,5,2,2,6,133,121,91.0,9
374,Matt Targett,ENG,DF,Aston Villa,26-042,1995,7.2,419,17,104,209,127,8,360,0,2,0.0,0,0,235,889,533,16,6,1,6,4,276,240,87.0,20
375,James Tarkowski,ENG,DF,Burnley,28-345,1992,9.0,381,79,183,177,34,18,375,2,2,100.0,2,0,153,715,337,10,2,0,3,3,194,176,90.7,4
376,Nuno Tavares,POR,DF,Arsenal,21-277,2000,1.6,114,6,37,40,47,12,103,3,8,37.5,3,0,69,388,279,14,4,5,1,3,76,73,96.1,8
377,Charlie Taylor,ENG,DF,Burnley,28-042,1993,8.0,498,34,165,208,150,5,403,6,10,60.0,7,0,227,1531,633,29,9,0,6,4,229,221,96.5,7
378,Nathan Tella,ENG,"MF,FW",Southampton,22-117,1999,0.9,41,0,8,17,21,5,40,0,5,0.0,0,1,32,214,173,5,2,1,6,3,36,27,75.0,4
379,Luke Thomas,ENG,DF,Leicester City,20-142,2001,3.0,214,7,70,109,43,0,174,1,4,25.0,2,0,127,508,300,10,2,0,5,6,141,132,93.6,2
380,Youri Tielemans,BEL,MF,Leicester City,24-176,1997,9.0,666,33,153,391,164,15,626,6,8,75.0,6,0,445,1679,1033,46,17,3,9,12,523,480,91.8,25
381,Kieran Tierney,SCO,DF,Arsenal,24-147,1997,7.6,419,29,106,172,170,21,367,2,9,22.2,4,0,267,1369,872,35,10,5,3,2,294,268,91.2,32
382,Takehiro Tomiyasu,JPN,DF,Arsenal,22-359,1998,5.7,407,28,153,194,80,5,348,2,2,100.0,2,0,190,881,582,17,9,0,8,8,219,199,90.9,6
383,James Tomkins,ENG,DF,Crystal Palace,32-215,1989,0.1,1,0,1,0,0,0,1,0,0,,0,0,0,0,0,0,0,0,0,0,0,0,,0
384,Ivan Toney,ENG,FW,Brentford,25-228,1996,9.0,323,13,46,143,153,39,317,7,11,63.6,7,2,185,768,406,17,5,2,20,16,501,240,47.9,56
385,Ferrán Torres,ESP,FW,Manchester City,21-243,2000,3.4,104,0,5,30,71,28,99,4,5,80.0,4,0,72,283,93,2,0,2,4,4,125,78,62.4,29
386,Andros Townsend,ENG,"MF,FW",Everton,30-106,1991,7.8,341,7,65,140,167,19,324,9,18,50.0,10,0,232,1559,930,48,21,6,14,11,285,210,73.7,27
387,Adama Traoré,ESP,"FW,MF",Wolves,25-278,1996,6.9,301,2,29,134,181,45,299,43,56,76.8,44,0,297,2144,1372,67,19,25,23,25,340,234,68.8,47
388,Bertrand Traoré,BFA,"MF,DF",Aston Villa,26-054,1995,0.6,42,0,2,17,25,7,41,7,11,63.6,8,2,39,189,93,7,0,3,4,1,46,30,65.2,4
389,Francisco Trincão,POR,"FW,MF",Wolves,21-305,1999,5.3,228,1,25,110,126,20,219,16,28,57.1,17,6,179,1088,642,31,12,3,10,12,230,162,70.4,36
390,William Troost-Ekong,NGA,DF,Watford,28-059,1993,9.0,487,100,334,176,9,2,474,1,2,50.0,1,0,281,1924,1293,20,2,0,0,0,326,321,98.5,1
391,Leandro Trossard,BEL,"FW,MF",Brighton,26-330,1994,8.6,458,3,57,190,245,43,440,17,22,77.3,18,0,347,2052,1151,56,14,9,24,31,431,342,79.4,55
392,Kostas Tsimikas,GRE,DF,Liverpool,25-171,1996,3.3,241,17,64,87,106,10,200,1,4,25.0,1,1,130,716,367,22,11,2,2,5,142,128,90.1,24
393,Axel Tuanzebe,ENG,DF,Aston Villa,23-350,1997,4.5,226,33,138,98,7,3,222,0,0,,0,0,137,793,402,4,0,0,2,0,160,154,96.3,1
394,Ozan Tufan,TUR,MF,Watford,26-221,1995,1.8,88,4,11,50,34,6,82,1,2,50.0,1,0,52,292,116,3,2,1,3,3,79,57,72.2,13
395,Christos Tzolis,GRE,"FW,MF",Norwich City,19-273,2002,1.2,54,3,12,19,26,7,53,0,1,0.0,0,0,37,214,132,5,2,2,3,2,60,41,68.3,9
396,Raphaël Varane,FRA,DF,Manchester Utd,28-188,1993,5.0,374,43,183,206,17,5,364,0,2,0.0,0,0,237,1806,1072,24,6,0,0,0,264,255,96.6,0
397,Jamie Vardy,ENG,FW,Leicester City,34-292,1987,8.4,164,5,12,69,99,47,151,6,7,85.7,7,0,96,702,449,23,8,10,10,6,288,112,38.9,52
398,Joël Veltman,NED,DF,Brighton,29-288,1992,6.1,387,39,150,152,114,3,341,3,7,42.9,4,0,217,998,399,12,7,1,5,3,246,222,90.2,6
399,Jannik Vestergaard,DEN,DF,Leicester City,29-088,1992,4.3,315,62,182,137,8,3,310,3,3,100.0,3,0,202,1041,459,8,3,0,1,0,211,200,94.8,0
400,Nikola Vlašić,CRO,MF,West Ham,24-026,1997,1.2,47,1,8,27,16,4,47,2,3,66.7,2,1,35,215,114,5,1,1,3,0,42,31,73.8,4
401,Matěj Vydra,CZE,FW,Burnley,29-182,1992,1.9,59,3,6,7,46,15,59,2,5,40.0,2,0,33,92,35,2,0,0,7,3,116,43,37.1,14
402,Theo Walcott,ENG,MF,Southampton,32-228,1989,2.8,78,0,15,29,38,12,78,1,2,50.0,1,0,46,265,135,7,3,2,5,1,81,51,63.0,12
403,Kyle Walker,ENG,DF,Manchester City,31-155,1990,6.5,520,22,123,330,97,6,462,3,5,60.0,4,0,349,1542,648,24,8,4,4,3,395,374,94.7,5
404,Kyle Walker-Peters,ENG,DF,Southampton,24-200,1997,3.9,285,13,63,141,106,13,240,12,16,75.0,12,0,200,1256,793,42,13,4,5,4,189,179,94.7,9
405,Aaron Wan-Bissaka,ENG,DF,Manchester Utd,23-338,1997,9.0,631,26,184,320,179,8,557,19,29,65.5,19,3,434,2053,1255,49,22,2,4,10,459,417,90.8,17
406,Joel Ward,ENG,DF,Crystal Palace,32-001,1989,9.0,649,48,231,327,132,5,563,4,9,44.4,5,0,396,1968,1060,37,14,0,6,5,418,405,96.9,5
407,James Ward-Prowse,ENG,MF,Southampton,26-363,1994,6.8,429,14,79,247,124,5,364,5,7,71.4,5,0,242,879,440,24,8,1,3,7,269,250,92.9,10
408,Ollie Watkins,ENG,FW,Aston Villa,25-304,1995,6.1,190,3,8,75,120,42,188,13,18,72.2,13,0,136,610,391,23,7,8,14,8,277,148,53.4,54
409,Adam Webster,ENG,DF,Brighton,26-299,1995,3.4,333,13,163,154,48,2,318,2,2,100.0,2,0,218,1089,696,27,12,1,1,1,245,240,98.0,2
410,Danny Welbeck,ENG,"FW,MF",Brighton,30-338,1990,2.7,75,2,6,30,44,9,74,2,3,66.7,2,0,44,233,142,10,1,3,6,9,100,52,52.0,14
411,Timo Werner,GER,FW,Chelsea,25-238,1996,4.3,160,1,10,62,100,33,157,3,12,25.0,4,0,125,746,424,19,4,8,10,6,209,120,57.4,36
412,Ashley Westwood,ENG,MF,Burnley,31-212,1990,8.0,470,15,68,274,144,8,419,4,5,80.0,4,0,274,1096,518,16,7,0,6,5,317,294,92.7,11
413,Ben White,ENG,DF,Arsenal,24-022,1997,7.0,387,50,206,197,12,4,379,0,1,0.0,0,0,250,1366,705,6,3,1,2,1,258,256,99.2,0
