,Player,Nation,Pos,Squad,Age,Born,90s,Touches,Touches Def Pen,Touches Def 3rd,Touches Mid 3rd,Touches Att 3rd,Touches Att Pen,Touches Live,Dribbles Succ,Dribbles Att,Dribbles Succ%,Dribbles #Pl,Dribbles Megs,Carries,Carries TotDist,Carries PrgDist,Carries Prog,Carries 1/3,Carries	CPA,Carries Mis,Carries Dis,Receiving	Targ,Receiving Rec,Receiving Rec%,Receiving Prog
0,Max Aarons,ENG,DF,Norwich City,21,2000,32.0,1855,162,747,763,481,29,1529,33,78,42.3,35,6,1084,6382,3893,174,53,13,27,30,1153,1037,89.9,41
1,Che Adams,SCO,FW,Southampton,25,1996,22.7,766,27,93,332,375,102,750,14,33,42.4,17,0,474,1884,833,46,17,11,52,48,1024,542,52.9,160
2,Rayan Aït Nouri,FRA,DF,Wolves,20,2001,20.3,1281,64,460,492,398,47,1071,40,73,54.8,44,2,781,3704,2300,118,22,17,31,32,820,729,88.9,60
3,Kristoffer Ajer,NOR,DF,Brentford,23,1998,22.2,1108,117,462,534,184,31,959,11,17,64.7,11,0,562,3385,2047,73,27,2,13,11,595,534,89.7,18
4,Nathan Aké,NED,DF,Manchester City,26,1995,10.3,936,67,351,546,115,9,896,0,2,0.0,0,0,680,3560,2226,74,13,0,2,1,754,724,96.0,2
5,Marc Albrighton,ENG,"FW,DF",Leicester City,31,1989,12.6,688,35,157,316,251,12,588,16,37,43.2,18,4,411,1733,810,32,12,2,14,12,510,402,78.8,31
6,Thiago Alcántara,ESP,MF,Liverpool,30,1991,17.0,1666,37,262,1113,395,26,1650,15,24,62.5,15,0,1238,5540,2957,163,47,4,10,14,1317,1264,96.0,48
7,Trent Alexander-Arnold,ENG,DF,Liverpool,22,1998,31.7,3009,77,604,1411,1129,89,2459,26,44,59.1,26,0,1723,6044,3315,156,66,11,24,26,2017,1879,93.2,123
8,Alisson,BRA,GK,Liverpool,28,1992,36.0,1462,1097,1450,15,0,0,1230,2,3,66.7,2,0,833,2944,1615,0,0,0,1,0,835,829,99.3,0
9,Allan,BRA,MF,Everton,30,1991,24.3,1235,81,338,759,210,11,1175,16,24,66.7,16,3,763,3839,2018,106,28,2,19,31,710,657,92.5,19
10,Dele Alli,ENG,"MF,FW",Tottenham,25,1996,7.3,331,23,87,172,97,20,321,5,18,27.8,7,2,213,908,446,17,6,0,12,18,262,199,76.0,31
11,Dele Alli,ENG,MF,Everton,25,1996,3.8,232,15,47,124,76,17,221,4,10,40.0,4,1,142,659,352,13,6,1,11,14,172,135,78.5,22
12,Miguel Almirón,PAR,"MF,FW",Newcastle Utd,27,1994,19.1,742,22,147,308,344,56,735,18,37,48.6,24,2,524,3263,1485,77,18,11,29,33,661,476,72.0,62
13,Marcos Alonso,ESP,DF,Chelsea,30,1990,24.1,1787,75,450,648,776,77,1491,19,39,48.7,20,2,1047,4917,2570,123,29,11,27,32,1182,1037,87.7,110
14,Steven Alzate,COL,MF,Brighton,22,1998,4.5,287,16,81,168,56,4,285,5,6,83.3,5,1,185,759,403,20,8,1,5,4,188,175,93.1,7
15,Daniel Amartey,GHA,DF,Leicester City,26,1994,23.6,1702,269,912,821,61,6,1677,6,8,75.0,6,0,1176,5166,2940,60,19,0,4,2,1263,1236,97.9,1
16,Joachim Andersen,DEN,DF,Crystal Palace,25,1996,32.4,2508,490,1555,1010,85,33,2427,6,8,75.0,6,0,1582,8962,4315,64,5,2,2,8,1808,1788,98.9,2
17,Michail Antonio,JAM,FW,West Ham,31,1990,33.0,1190,20,74,479,718,176,1152,45,94,47.9,49,4,867,4398,2550,133,40,31,131,88,1673,898,53.7,264
18,Cameron Archer,ENG,"MF,FW",Aston Villa,19,2001,0.3,12,0,1,2,9,3,12,1,2,50.0,1,0,7,15,0,0,0,0,0,1,9,6,66.7,2
19,Alphonse Areola,FRA,GK,West Ham,28,1993,1.0,42,40,42,0,0,0,25,0,0,,0,0,17,48,12,0,0,0,0,0,20,20,100.0,0
20,Adam Armstrong,ENG,FW,Southampton,24,1997,15.7,489,8,40,200,289,82,458,19,38,50.0,20,1,340,1933,1062,64,19,18,34,25,651,348,53.5,109
21,Stuart Armstrong,SCO,MF,Southampton,29,1992,16.4,938,25,132,442,452,56,907,26,57,45.6,28,3,717,4564,2337,122,47,13,26,25,767,672,87.6,78
22,Kepa Arrizabalaga,ESP,GK,Chelsea,26,1994,4.0,149,130,149,0,0,0,120,0,0,,0,0,85,253,117,0,0,0,0,0,81,81,100.0,0
23,Harrison Ashby,SCO,DF,West Ham,19,2001,0.1,9,1,3,1,5,0,8,0,0,,0,0,4,21,5,1,0,0,0,0,8,6,75.0,0
24,Pierre-Emerick Aubameyang,GAB,FW,Arsenal,32,1989,11.5,322,5,34,141,167,55,313,2,6,33.3,3,0,169,1024,600,29,11,9,20,5,443,225,50.8,56
25,Jordan Ayew,GHA,FW,Crystal Palace,29,1991,22.4,1134,17,164,596,488,83,1122,38,72,52.8,41,6,871,5294,3073,146,50,24,69,81,1077,810,75.2,97
26,Luke Ayling,ENG,DF,Leeds United,29,1991,25.2,1861,233,955,770,271,36,1696,25,41,61.0,27,6,1114,6509,3840,105,30,3,24,20,1198,1134,94.7,32
27,César Azpilicueta,ESP,DF,Chelsea,31,1989,23.0,1958,120,605,946,502,52,1808,15,20,75.0,15,1,1240,5111,2994,156,38,8,15,8,1464,1388,94.8,54
28,Daniel Bachmann,AUT,GK,Watford,27,1994,12.0,394,338,392,3,0,0,272,1,1,100.0,1,0,170,926,587,0,0,0,0,0,146,145,99.3,0
29,Leon Bailey,JAM,"FW,MF",Aston Villa,23,1997,8.5,355,8,42,126,216,35,334,14,23,60.9,15,1,268,1606,879,58,11,10,26,31,331,246,74.3,56
30,Eric Bailly,CIV,DF,Manchester Utd,27,1994,2.4,113,26,73,41,3,0,109,0,2,0.0,0,0,62,313,142,5,0,0,1,3,54,53,98.1,0
31,Folarin Balogun,ENG,FW,Arsenal,20,2001,0.8,23,1,3,10,12,6,23,0,2,0.0,0,0,16,50,16,1,0,1,4,2,34,17,50.0,7
32,Patrick Bamford,ENG,FW,Leeds United,27,1993,6.2,175,11,23,80,83,36,159,4,8,50.0,5,0,104,462,210,12,2,3,18,6,259,115,44.4,37
33,Shandon Baptiste,GRN,MF,Brentford,23,1998,10.1,412,16,91,223,137,20,409,14,19,73.7,14,0,298,1528,855,44,15,2,20,12,388,266,68.6,36
34,Ross Barkley,ENG,MF,Chelsea,27,1993,2.0,152,0,10,63,97,10,145,5,6,83.3,6,0,113,880,539,21,13,1,1,6,137,127,92.7,23
35,Ashley Barnes,ENG,FW,Burnley,31,1989,9.0,311,6,30,164,134,32,307,4,8,50.0,4,0,184,580,290,18,6,3,33,19,416,222,53.4,52
36,Harvey Barnes,ENG,"FW,MF",Leicester City,23,1997,23.3,1066,16,128,428,615,142,1059,31,81,38.3,37,6,829,5235,3549,198,58,43,54,49,1151,839,72.9,157
37,Lewis Bate,ENG,MF,Leeds United,18,2002,1.6,79,4,27,47,10,0,79,1,3,33.3,1,1,57,259,76,2,1,0,7,5,61,50,82.0,2
38,Mads Bech Sørensen,DEN,DF,Brentford,22,1999,9.3,562,79,298,225,72,8,487,0,0,,0,0,297,1789,1118,20,5,0,1,1,332,323,97.3,3
39,Jan Bednarek,POL,DF,Southampton,25,1996,29.2,1786,239,870,914,81,30,1710,1,2,50.0,1,0,926,4166,1987,27,1,0,1,4,1001,979,97.8,4
40,Donny van de Beek,NED,MF,Manchester Utd,24,1997,0.8,53,2,19,21,15,4,53,3,4,75.0,3,0,31,59,23,2,0,1,1,4,41,30,73.2,5
41,Donny van de Beek,NED,MF,Everton,24,1997,5.4,298,9,57,166,87,8,293,4,9,44.4,5,1,170,642,284,12,2,0,1,7,198,183,92.4,6
42,Asmir Begović,BIH,GK,Everton,34,1987,3.0,96,91,96,0,0,0,59,0,0,,0,0,26,135,82,0,0,0,0,0,27,27,100.0,0
43,Saïd Benrahma,ALG,"FW,MF",West Ham,25,1995,24.1,1138,17,155,464,606,105,1117,34,81,42.0,40,8,886,4739,2593,129,30,26,50,48,1101,840,76.3,171
44,Rodrigo Bentancur,URU,MF,Tottenham,24,1997,15.1,1181,68,298,751,213,17,1164,13,18,72.2,13,0,857,4113,2088,79,20,2,7,15,928,887,95.6,23
45,Christian Benteke,BEL,FW,Crystal Palace,30,1990,12.7,462,38,63,209,208,89,442,9,19,47.4,11,1,228,1034,497,28,7,8,38,14,655,344,52.5,104
46,Jóhann Berg Guðmundsson,ISL,MF,Burnley,30,1990,12.2,492,24,85,197,245,27,488,14,22,63.6,15,0,331,1682,815,37,16,5,17,18,383,302,78.9,58
47,Steven Bergwijn,NED,"FW,MF",Tottenham,23,1997,6.3,274,6,41,110,161,45,268,10,18,55.6,11,0,205,1257,860,36,18,9,14,21,316,209,66.1,64
48,Ryan Bertrand,ENG,DF,Leicester City,31,1989,3.7,228,18,71,113,55,4,182,0,1,0.0,1,1,122,544,216,11,3,1,4,5,148,128,86.5,2
49,Mads Bidstrup,DEN,MF,Brentford,20,2001,0.5,23,2,9,13,2,0,23,0,1,0.0,0,0,11,37,17,1,1,0,1,2,11,9,81.8,1
50,Yves Bissouma,MLI,MF,Brighton,24,1996,23.5,1484,100,432,870,304,16,1464,31,44,70.5,31,1,1024,5868,2771,102,41,4,28,30,1024,971,94.8,15
51,Willy Boly,CIV,DF,Wolves,30,1991,10.0,649,87,375,288,21,7,632,4,5,80.0,4,0,392,1715,835,20,6,0,2,2,425,412,96.9,0
52,Jarrod Bowen,ENG,FW,West Ham,24,1996,33.1,1276,31,172,492,701,158,1167,27,66,40.9,29,2,846,5414,2450,130,32,32,61,67,1277,805,63.0,191
53,Jarrad Branthwaite,ENG,DF,Everton,19,2002,4.3,154,26,74,81,7,3,148,1,1,100.0,1,0,83,321,191,2,2,0,1,4,77,71,92.2,0
54,Armando Broja,ALB,FW,Southampton,19,2001,21.9,697,14,53,307,384,108,692,31,64,48.4,34,4,435,2619,1623,79,23,31,61,62,1061,508,47.9,120
55,Josh Brownhill,ENG,MF,Burnley,25,1995,32.8,1523,83,329,839,425,41,1451,15,23,65.2,17,1,761,3092,1268,69,34,4,28,21,872,785,90.0,45
56,Lewis Brunt,ENG,MF,Leicester City,20,2000,0.3,25,0,0,19,6,1,25,0,0,,0,0,19,71,39,4,0,0,1,2,23,22,95.7,1
57,Bryan,ESP,"FW,MF",Tottenham,20,2001,1.0,82,2,10,19,58,4,79,3,4,75.0,3,0,67,393,246,13,2,0,5,3,69,59,85.5,13
58,Emi Buendía,ARG,"FW,MF",Aston Villa,24,1996,21.1,1165,30,153,577,512,75,1113,30,51,58.8,32,1,818,3777,2072,123,42,6,32,56,972,813,83.6,112
59,Dan Burn,ENG,DF,Newcastle Utd,29,1992,16.0,780,138,424,340,43,23,772,0,1,0.0,0,0,353,2038,789,13,0,0,3,2,399,384,96.2,2
60,Dan Burn,ENG,DF,Brighton,29,1992,11.4,772,101,393,361,64,12,754,1,2,50.0,1,0,465,2347,1210,27,9,0,6,3,518,497,95.9,2
61,Jack Butland,ENG,GK,Crystal Palace,28,1993,8.5,295,265,294,1,0,0,206,0,0,,0,0,137,577,211,0,0,0,0,0,138,137,99.3,0
62,Sam Byram,ENG,DF,Norwich City,27,1993,11.4,646,82,320,239,121,18,580,2,7,28.6,2,0,300,1570,791,19,6,1,4,3,345,321,93.0,11
63,Willy Caballero,ARG,GK,Southampton,39,1981,2.0,68,54,68,0,0,0,50,0,0,,0,0,37,224,114,0,0,0,0,0,34,34,100.0,0
64,Moisés Caicedo,ECU,MF,Brighton,19,2001,7.3,357,21,94,185,101,15,356,9,13,69.2,10,0,219,994,544,21,10,2,7,7,241,209,86.7,5
65,Dominic Calvert-Lewin,ENG,FW,Everton,24,1997,14.3,463,14,43,201,232,59,447,6,10,60.0,6,1,204,862,249,10,2,1,51,22,749,337,45.0,71
66,Chem Campbell,WAL,MF,Wolves,18,2002,0.1,12,0,0,4,8,1,11,0,0,,0,0,6,25,6,0,0,0,0,0,9,8,88.9,1
67,João Cancelo,POR,DF,Manchester City,27,1994,35.9,3714,74,608,1993,1373,119,3387,53,105,50.5,59,12,2705,11821,6458,364,138,35,28,29,2831,2719,96.0,127
68,Sergi Canós,ESP,DF,Brentford,24,1997,23.1,1036,69,286,466,357,56,986,24,49,49.0,26,5,663,3683,2207,113,34,11,26,36,769,605,78.7,68
69,Todd Cantwell,ENG,"FW,MF",Norwich City,23,1998,4.9,215,5,50,109,70,7,210,5,11,45.5,5,0,159,608,289,15,4,0,12,12,205,150,73.2,18
70,Matty Cash,POL,DF,Aston Villa,23,1997,37.5,2069,158,725,892,575,100,1734,21,36,58.3,23,3,1107,6756,3573,148,44,26,27,49,1159,1033,89.1,105
71,Timothy Castagne,BEL,DF,Leicester City,25,1995,23.6,1565,106,568,755,324,23,1370,13,19,68.4,13,0,867,3430,1764,76,27,2,27,18,1044,932,89.3,56
72,Jonny Castro,ESP,DF,Wolves,27,1994,11.4,739,24,205,373,205,22,646,12,21,57.1,12,1,476,2160,1216,58,12,5,18,23,513,479,93.4,35
73,Craig Cathcart,NIR,DF,Watford,32,1989,26.6,1176,210,674,488,60,10,1125,0,1,0.0,0,0,559,2216,1007,13,3,0,2,4,646,624,96.6,3
74,Edinson Cavani,URU,FW,Manchester Utd,34,1987,8.5,296,13,52,131,122,32,290,4,5,80.0,4,0,163,390,107,8,4,2,14,3,374,219,58.6,43
75,Kayky Chagas,BRA,FW,Manchester City,18,2003,0.1,3,0,0,2,2,0,3,0,0,,0,0,3,40,29,1,1,0,1,0,4,3,75.0,0
76,Trevoh Chalobah,ENG,DF,Chelsea,22,1999,16.1,1425,77,500,846,155,10,1395,11,15,73.3,11,0,1040,3946,1900,69,31,0,1,6,1075,1053,98.0,2
77,Calum Chambers,ENG,DF,Arsenal,26,1995,1.9,122,17,49,61,17,1,108,0,0,,0,0,71,239,106,4,2,0,1,2,73,71,97.3,0
78,Calum Chambers,ENG,DF,Aston Villa,26,1995,9.2,570,116,338,223,31,7,557,1,2,50.0,1,0,329,1522,842,19,3,0,0,1,361,350,97.0,1
79,Daniel Chesters,ENG,MF,West Ham,19,2002,0.0,0,0,0,0,0,0,0,0,0,,0,0,0,0,0,0,0,0,0,0,0,0,,0
80,Ben Chilwell,ENG,DF,Chelsea,24,1996,6.0,422,9,93,144,203,28,348,2,5,40.0,3,0,241,1089,518,23,4,5,11,3,296,257,86.8,30
81,Chiquinho,POR,"DF,MF",Wolves,21,2000,2.3,153,2,22,57,84,16,145,8,12,66.7,8,0,102,418,248,14,3,1,6,11,125,102,81.6,22
82,Hamza Choudhury,ENG,"DF,MF",Leicester City,23,1997,3.2,207,18,98,111,6,1,196,1,3,33.3,2,0,111,317,98,1,0,0,2,3,134,122,91.0,0
83,Andreas Christensen,DEN,DF,Chelsea,25,1996,16.6,1451,160,675,780,78,6,1407,6,6,100.0,6,0,988,4427,2387,61,17,0,2,1,1047,1032,98.6,2
84,Carney Chukwuemeka,ENG,"MF,FW",Aston Villa,17,2004,3.3,160,3,25,84,60,14,159,3,9,33.3,5,0,131,674,330,20,5,6,10,5,158,122,77.2,17
85,Ciaran Clark,IRL,DF,Newcastle Utd,31,1989,11.3,449,78,260,171,35,22,442,3,4,75.0,3,0,249,1151,507,13,4,0,4,0,265,251,94.7,4
86,Tom Cleverley,ENG,MF,Watford,31,1989,18.0,781,36,168,383,253,9,707,4,8,50.0,4,1,382,1337,571,18,9,3,12,11,542,442,81.5,36
87,Nathaniel Clyne,ENG,DF,Crystal Palace,30,1991,15.0,825,46,316,405,151,2,666,3,4,75.0,3,0,436,2145,1068,30,9,0,7,3,483,445,92.1,11
88,Conor Coady,ENG,DF,Wolves,28,1993,37.3,1930,470,1331,668,33,18,1890,1,2,50.0,2,0,1183,6291,2904,34,1,0,2,2,1344,1330,99.0,3
89,Séamus Coleman,IRL,DF,Everton,32,1988,29.5,1550,128,539,724,377,41,1284,26,44,59.1,29,0,839,4662,2319,87,28,8,18,26,806,712,88.3,45
90,Nathan Collins,IRL,DF,Burnley,20,2001,18.6,874,151,449,378,84,38,849,3,8,37.5,4,0,392,2338,1001,26,6,1,7,4,399,372,93.2,8
91,Aaron Connolly,IRL,FW,Brighton,21,2000,1.7,34,0,0,14,21,4,33,0,1,0.0,0,0,22,132,42,3,0,0,3,1,65,22,33.8,7
92,Liam Cooper,SCO,DF,Leeds United,29,1991,20.2,1352,196,893,495,31,12,1316,3,3,100.0,3,0,760,4090,2294,20,2,0,6,3,823,808,98.2,2
93,Jack Cork,ENG,MF,Burnley,32,1989,18.6,723,44,136,469,143,10,717,10,13,76.9,11,0,408,1528,643,31,11,1,11,18,464,398,85.8,11
94,Maxwel Cornet,CIV,"FW,MF",Burnley,24,1996,19.6,681,19,97,237,390,90,635,13,44,29.5,16,1,402,1837,1050,51,18,10,50,37,842,436,51.8,133
95,Hélder Costa,ANG,MF,Leeds United,27,1994,0.2,6,0,1,3,2,0,6,0,0,,0,0,2,6,0,0,0,0,0,0,8,5,62.5,0
96,Vladimír Coufal,CZE,DF,West Ham,28,1992,24.5,1668,108,484,691,591,28,1380,13,28,46.4,14,0,848,4589,2281,93,39,7,17,17,982,881,89.7,47
97,Philippe Coutinho,BRA,"MF,FW",Aston Villa,29,1992,14.8,824,8,89,452,355,52,788,27,42,64.3,28,6,629,3264,1962,114,44,13,38,25,774,637,82.3,68
98,Aaron Cresswell,ENG,DF,West Ham,31,1989,30.3,2291,143,709,1097,612,29,1948,3,13,23.1,3,3,1400,5955,2964,110,47,2,9,11,1520,1465,96.4,29
99,Charlie Cresswell,ENG,DF,Leeds United,18,2002,1.6,120,20,79,47,4,1,119,1,1,100.0,1,0,72,552,353,3,0,0,2,0,78,78,100.0,1
100,Cucho,COL,"FW,MF",Watford,22,1999,12.7,557,17,90,229,284,38,513,23,42,54.8,25,0,366,1967,1081,55,19,7,28,17,531,359,67.6,56
101,Marc Cucurella,ESP,DF,Brighton,23,1998,34.3,2691,125,752,1192,928,66,2330,31,59,52.5,35,8,1671,8187,5158,206,64,9,25,32,1814,1637,90.2,68
102,Luke Cundle,ENG,MF,Wolves,19,2002,2.0,118,5,34,65,27,1,115,0,1,0.0,0,0,83,333,160,8,4,0,0,1,92,87,94.6,4
103,Patson Daka,ZAM,FW,Leicester City,22,1998,12.9,382,10,36,184,174,58,360,3,18,16.7,6,0,210,647,345,21,6,4,38,23,523,250,47.8,72
104,Stuart Dallas,NIR,"DF,MF",Leeds United,30,1991,32.4,2050,105,684,984,539,33,1726,20,39,51.3,21,3,1145,6653,3857,154,58,12,20,38,1250,1100,88.0,65
105,Diogo Dalot,POR,DF,Manchester Utd,22,1999,20.0,1402,90,461,678,339,28,1222,16,28,57.1,18,2,841,3969,2350,98,24,9,22,15,887,824,92.9,42
106,Karl Darlow,ENG,GK,Newcastle Utd,30,1990,8.0,269,223,265,4,0,0,170,0,0,,0,0,95,546,294,0,0,0,0,0,94,93,98.9,0
107,Josh Dasilva,ENG,"MF,FW",Brentford,22,1998,2.9,131,11,35,63,43,6,128,7,10,70.0,8,0,93,635,390,14,6,3,6,6,95,72,75.8,9
108,Ben Davies,WAL,DF,Tottenham,28,1993,28.2,1854,169,759,960,277,34,1775,8,11,72.7,8,1,1240,7311,4438,173,61,2,10,10,1373,1316,95.8,30
109,Tom Davies,ENG,MF,Everton,23,1998,2.6,120,11,31,58,34,8,119,2,3,66.7,3,0,66,259,112,4,0,1,3,1,85,71,83.5,9
110,Keinan Davis,ENG,FW,Aston Villa,23,1998,0.1,7,0,0,5,2,0,7,0,0,,0,0,6,5,1,0,0,0,2,1,11,7,63.6,2
111,Craig Dawson,ENG,DF,West Ham,31,1990,30.6,1541,286,854,695,74,42,1513,2,2,100.0,2,0,850,4229,1975,48,7,0,2,6,954,933,97.8,6
112,Kevin De Bruyne,BEL,MF,Manchester City,30,1991,24.5,1822,27,149,736,1061,122,1653,24,42,57.1,24,1,1248,6188,4004,205,81,22,34,32,1553,1364,87.8,170
113,Troy Deeney,ENG,FW,Watford,33,1988,0.3,11,2,2,1,8,5,11,0,0,,0,0,3,7,4,0,0,0,1,0,18,9,50.0,7
114,Liam Delap,ENG,FW,Manchester City,18,2003,0.1,1,0,0,1,0,0,1,0,0,,0,0,1,2,0,0,0,0,0,0,3,1,33.3,0
115,Fabian Delph,ENG,MF,Everton,31,1989,7.4,384,23,105,242,54,0,381,6,7,85.7,6,0,250,1013,382,14,1,0,9,2,239,228,95.4,6
116,Leander Dendoncker,BEL,MF,Wolves,26,1995,21.7,1013,61,289,540,230,37,1000,7,14,50.0,7,1,576,2343,907,28,11,1,18,8,769,652,84.8,49
117,Emmanuel Dennis,NGA,"FW,MF",Watford,23,1997,28.7,1101,26,154,472,580,140,1061,73,164,44.5,80,21,823,4369,2877,140,43,45,78,75,1172,737,62.9,150
118,Kiernan Dewsbury Hall,ENG,MF,Leicester City,22,1998,23.4,1509,48,330,792,510,43,1464,26,45,57.8,29,1,1061,6527,3689,144,55,6,39,50,1234,1083,87.8,95
119,Ibrahima Diallo,FRA,MF,Southampton,22,1999,11.4,543,21,98,330,149,10,540,19,26,73.1,23,1,375,1924,983,48,17,1,11,15,431,366,84.9,16
120,Raphael Dias Belloli,BRA,"FW,MF",Leeds United,24,1996,32.4,1794,48,250,800,849,145,1612,59,149,39.6,70,15,1199,5557,3434,183,36,33,82,52,1670,1193,71.4,191
121,Rúben Dias,POR,DF,Manchester City,24,1997,26.7,2427,178,877,1634,111,32,2380,2,5,40.0,2,1,1792,10636,6630,239,22,0,5,2,1981,1952,98.5,8
122,Luis Díaz,COL,FW,Liverpool,24,1997,10.6,595,3,34,235,365,87,594,32,48,66.7,34,0,499,2775,1533,91,16,23,24,30,618,475,76.9,110
123,Eric Dier,ENG,DF,Tottenham,27,1994,34.1,2535,469,1483,1150,59,20,2479,0,2,0.0,1,0,1668,9307,5223,107,13,1,3,2,1928,1903,98.7,5
124,Lucas Digne,FRA,DF,Aston Villa,28,1993,14.1,986,64,284,359,396,27,797,4,13,30.8,7,2,531,2435,1341,56,23,3,10,17,606,541,89.3,54
125,Lucas Digne,FRA,DF,Everton,28,1993,13.0,823,52,273,318,284,15,666,6,12,50.0,6,0,399,2075,1141,47,25,2,8,10,429,385,89.7,21
126,Virgil van Dijk,NED,DF,Liverpool,30,1991,34.0,2802,327,1316,1511,88,53,2731,3,4,75.0,3,0,1813,6903,3629,99,6,0,7,5,2063,2027,98.3,8
127,Issa Diop,FRA,DF,West Ham,24,1997,10.7,568,92,334,260,10,5,555,0,0,,0,0,305,1927,934,19,2,0,1,1,353,344,97.5,0
128,Moussa Djenepo,MLI,MF,Southampton,23,1998,5.1,252,7,46,98,120,29,252,13,27,48.1,14,1,186,1058,748,34,6,9,19,15,194,156,80.4,20
129,Lewis Dobbin,ENG,"FW,MF",Everton,18,2003,0.4,13,0,3,7,5,2,13,0,1,0.0,0,0,11,81,43,1,0,1,1,1,21,8,38.1,3
130,Matt Doherty,IRL,DF,Tottenham,29,1992,9.7,644,33,184,280,210,37,582,6,9,66.7,6,0,410,1991,1192,65,12,9,11,8,461,425,92.2,40
131,Gabriel Dos Santos,BRA,DF,Arsenal,23,1997,34.0,2300,370,1195,1174,107,42,2248,3,3,100.0,3,0,1610,9846,5517,144,24,0,8,3,1745,1705,97.7,8
132,Abdoulaye Doucouré,MLI,MF,Everton,28,1993,28.2,1389,74,350,749,365,49,1372,19,39,48.7,20,0,824,4095,2244,88,31,7,30,19,917,779,85.0,61
133,Kieran Dowell,ENG,"FW,MF",Norwich City,23,1997,10.1,421,6,65,189,196,17,389,4,9,44.4,5,0,268,1255,554,26,11,3,14,15,404,292,72.3,51
134,Cody Drameh,ENG,DF,Leeds United,19,2001,1.4,94,3,37,44,22,2,68,2,4,50.0,2,0,45,282,163,9,4,0,0,1,46,42,91.3,2
135,Martin Dúbravka,SVK,GK,Newcastle Utd,32,1989,26.0,897,728,888,12,0,0,561,0,0,,0,0,387,2277,1186,0,0,0,0,0,325,325,100.0,0
136,Shane Duffy,IRL,DF,Brighton,29,1992,16.0,1192,193,722,468,61,26,1172,2,2,100.0,2,0,704,2879,1502,28,6,0,3,1,859,840,97.8,2
137,Paul Dummett,WAL,DF,Newcastle Utd,29,1991,2.2,91,7,37,45,14,0,73,0,0,,0,0,41,151,72,4,2,0,0,0,37,36,97.3,0
138,Lewis Dunk,ENG,DF,Brighton,29,1991,28.6,2123,330,1245,912,86,32,2067,5,6,83.3,6,0,1374,7109,3353,41,10,0,7,4,1575,1548,98.3,1
139,Ederson,BRA,GK,Manchester City,27,1993,37.0,1148,953,1138,12,0,0,974,0,0,,0,0,717,2840,1749,0,0,0,0,0,722,717,99.3,0
140,Odsonne Édouard,FRA,FW,Crystal Palace,23,1998,17.4,685,18,74,321,338,91,664,23,56,41.1,27,3,432,2165,1390,71,21,9,47,46,838,487,58.1,124
141,CJ Egan-Riley,ENG,DF,Manchester City,18,2003,0.0,1,1,1,0,0,0,1,0,0,,0,0,1,20,2,0,0,0,0,0,0,0,,0
142,Anthony Elanga,SWE,FW,Manchester Utd,19,2002,13.5,622,12,124,232,308,64,610,15,39,38.5,18,0,439,2020,1114,48,18,12,33,17,611,449,73.5,86
143,Harvey Elliott,ENG,MF,Liverpool,18,2003,3.8,301,1,25,140,159,22,293,2,7,28.6,2,0,220,1126,672,38,15,2,8,2,245,226,92.2,33
144,Mohamed Elneny,EGY,MF,Arsenal,29,1992,9.0,625,40,166,395,105,4,610,0,1,0.0,0,0,426,1844,791,24,3,1,4,2,473,455,96.2,4
145,Mohamed Elyounoussi,NOR,"MF,FW",Southampton,26,1994,22.7,954,33,134,422,475,94,949,18,37,48.6,23,4,629,3779,1991,112,44,13,44,52,840,620,73.8,114
146,Emerson,BRA,DF,Tottenham,22,1999,25.4,1774,112,577,706,582,66,1528,18,27,66.7,18,0,1022,4568,2506,126,35,10,17,30,1147,1015,88.5,89
147,Christian Eriksen,DEN,MF,Brentford,29,1992,10.4,743,20,143,395,247,14,628,7,17,41.2,7,1,442,2225,1290,53,17,3,11,10,547,481,87.9,23
148,Oghenekaro Etebo,NGA,MF,Watford,25,1995,4.5,194,14,66,123,18,0,185,4,6,66.7,4,0,151,650,292,10,2,0,1,4,122,116,95.1,3
149,Jonny Evans,NIR,DF,Leicester City,33,1988,15.0,1106,181,631,487,40,11,1070,1,2,50.0,1,0,684,3133,1564,34,4,0,3,1,739,721,97.6,2
150,Eberechi Eze,ENG,"MF,FW",Crystal Palace,23,1998,6.7,389,4,46,218,154,10,358,11,20,55.0,11,0,278,1461,771,33,12,3,13,16,325,267,82.2,43
151,Łukasz Fabiański,POL,GK,West Ham,36,1985,37.0,1078,996,1076,2,0,0,732,0,0,,0,0,440,2341,1215,0,0,0,0,0,414,410,99.0,0
152,Fabinho,BRA,MF,Liverpool,27,1993,25.7,1786,49,378,1157,331,21,1751,8,11,72.7,8,0,1132,4499,2154,106,23,3,24,16,1256,1208,96.2,36
153,Kiko Femenía,ESP,DF,Watford,30,1991,23.8,1424,117,468,582,447,13,1121,8,17,47.1,8,2,693,3664,1783,79,34,3,18,10,731,663,90.7,19
154,Evan Ferguson,IRL,MF,Brighton,16,2004,0.3,9,0,0,1,8,0,9,0,0,,0,0,4,7,0,0,0,0,1,0,11,8,72.7,0
155,Nathan Ferguson,ENG,DF,Crystal Palace,20,2000,0.1,5,0,4,1,0,0,3,0,0,,0,0,0,0,0,0,0,0,0,0,1,1,100.0,0
156,Bruno Fernandes,POR,MF,Manchester Utd,26,1994,34.6,2422,68,385,1153,1035,114,2236,23,51,45.1,27,5,1641,7564,4247,210,75,23,38,48,2134,1776,83.2,202
157,Álvaro Fernández,ESP,GK,Brentford,23,1998,12.0,533,440,528,7,0,0,416,0,0,,0,0,268,1204,730,0,0,0,0,0,273,273,100.0,0
158,Federico Fernández,ARG,DF,Newcastle Utd,32,1989,5.8,267,59,176,93,12,10,260,0,0,,0,0,170,845,506,0,0,0,0,1,178,174,97.8,2
159,Fernandinho,BRA,"MF,DF",Manchester City,36,1985,10.7,906,38,185,619,157,18,902,8,9,88.9,8,0,697,3121,1510,65,14,0,8,9,740,720,97.3,16
160,Roberto Firmino,BRA,FW,Liverpool,29,1991,11.0,669,4,52,333,328,74,653,17,32,53.1,19,2,452,2031,1050,71,29,4,30,26,690,506,73.3,142
161,Junior Firpo,ESP,DF,Leeds United,24,1996,19.0,1162,66,379,566,295,40,1011,10,21,47.6,10,1,677,3380,2177,97,28,2,15,12,726,659,90.8,47
162,Ashley Fletcher,ENG,FW,Watford,25,1995,0.3,15,1,3,6,7,1,15,0,1,0.0,0,0,7,29,15,1,0,0,0,0,29,8,27.6,1
163,Phil Foden,ENG,FW,Manchester City,21,2000,23.6,1327,7,67,480,856,151,1224,39,55,70.9,40,2,1009,4653,2225,131,39,35,33,51,1311,1027,78.3,184
164,Wesley Fofana,FRA,DF,Leicester City,20,2000,7.0,569,75,310,284,17,5,559,2,2,100.0,2,0,413,2837,1641,35,5,0,1,4,425,419,98.6,1
165,Pablo Fornals,ESP,"FW,MF",West Ham,25,1996,31.1,1709,36,271,821,714,75,1638,25,54,46.3,27,10,1155,5650,3018,154,50,10,39,32,1478,1202,81.3,141
166,Adam Forshaw,ENG,MF,Leeds United,29,1991,17.0,971,25,285,571,183,9,947,9,16,56.3,9,0,621,3110,1403,47,19,2,11,17,712,624,87.6,25
167,Marcus Forss,FIN,"FW,MF",Brentford,22,1999,2.3,69,0,3,36,33,10,66,2,4,50.0,2,0,27,95,47,3,0,0,6,1,89,41,46.1,17
168,Fraser Forster,ENG,GK,Southampton,33,1988,19.0,679,554,674,5,0,0,477,0,0,,0,0,287,1646,862,0,0,0,0,0,266,265,99.6,0
169,Ben Foster,ENG,GK,Watford,38,1983,26.0,926,771,912,15,0,0,608,0,0,,0,0,382,2151,1370,0,0,0,0,0,340,338,99.4,0
170,Tariqe Fosu,GHA,DF,Brentford,25,1995,0.2,11,0,0,5,7,4,11,0,0,,0,0,9,80,61,4,1,2,0,0,9,8,88.9,3
171,Ryan Fraser,SCO,"FW,MF",Newcastle Utd,27,1994,16.3,603,21,116,209,315,47,560,2,7,28.6,2,0,389,2128,1335,79,22,16,14,12,553,412,74.5,57
172,Fred,BRA,MF,Manchester Utd,28,1993,22.5,1605,77,402,964,307,17,1578,17,33,51.5,18,2,1033,3897,1946,74,19,1,34,29,1195,1092,91.4,41
173,Ryan Fredericks,ENG,DF,West Ham,28,1992,3.4,176,17,58,76,47,1,155,0,1,0.0,0,0,83,314,167,8,1,0,2,1,104,99,95.2,3
174,Leo Fuhr Hjelde,NOR,DF,Leeds United,17,2003,1.7,129,11,58,58,18,1,101,0,1,0.0,1,0,61,248,137,5,0,0,2,0,73,65,89.0,4
175,Conor Gallagher,ENG,MF,Crystal Palace,21,2000,31.6,1588,51,289,770,615,93,1451,45,71,63.4,47,1,1046,4793,2025,105,31,14,54,54,1153,939,81.4,120
176,Alejandro Garnacho,ESP,FW,Manchester Utd,17,2004,0.1,3,0,0,2,1,0,3,0,0,,0,0,3,11,4,0,0,0,0,0,7,3,42.9,0
177,Dwight Gayle,ENG,FW,Newcastle Utd,30,1990,0.4,23,0,0,13,11,3,23,0,1,0.0,0,0,15,40,28,3,0,1,1,0,28,17,60.7,4
178,Jean-Philippe Gbamin,CIV,MF,Everton,25,1995,0.7,28,1,8,22,1,0,28,1,2,50.0,2,0,19,113,69,2,0,0,1,2,20,18,90.0,1
179,David de Gea,ESP,GK,Manchester Utd,30,1990,38.0,1011,943,1010,1,0,0,662,0,0,,0,0,384,1588,732,0,0,0,1,0,381,377,99.0,0
180,Joe Gelhardt,ENG,"FW,MF",Leeds United,19,2002,8.3,290,5,25,143,139,48,271,14,29,48.3,17,0,203,871,569,37,6,8,26,22,364,197,54.1,64
181,Anwar El Ghazi,NED,"FW,MF",Aston Villa,26,1995,4.3,183,3,16,64,117,17,180,3,12,25.0,5,2,119,626,416,27,6,4,21,10,203,136,67.0,29
182,Anwar El Ghazi,NED,FW,Everton,26,1995,0.1,14,0,1,4,10,2,12,0,1,0.0,0,0,8,49,24,2,1,1,1,0,17,8,47.1,2
183,Saman Ghoddos,IRN,"DF,MF",Brentford,27,1993,6.0,298,17,65,134,119,21,275,4,5,80.0,4,1,162,859,503,27,11,2,8,5,232,164,70.7,31
184,Dimitris Giannoulis,GRE,DF,Norwich City,25,1995,13.0,881,71,358,384,197,14,753,27,44,61.4,30,5,546,2902,1783,66,16,4,18,9,521,474,91.0,27
185,Morgan Gibbs-White,ENG,"FW,MF",Wolves,21,2000,0.1,13,0,3,3,8,3,12,0,0,,0,0,7,18,12,1,1,0,0,0,9,8,88.9,3
186,Ben Gibson,ENG,DF,Norwich City,28,1993,27.7,1597,372,1022,601,57,23,1542,2,5,40.0,2,0,905,4682,2770,62,14,0,4,4,1044,1026,98.3,2
187,Billy Gilmour,SCO,MF,Norwich City,20,2001,20.6,1399,47,384,776,330,10,1265,15,25,60.0,21,2,799,4486,1953,80,32,0,16,12,1007,928,92.2,22
188,Ben Godfrey,ENG,DF,Everton,23,1998,22.5,1062,146,496,462,165,29,957,6,10,60.0,7,0,509,2932,1476,43,23,1,9,9,560,514,91.8,16
189,André Gomes,POR,MF,Everton,28,1993,6.9,372,15,70,210,116,8,362,12,15,80.0,13,1,248,1032,526,18,4,1,11,15,272,226,83.1,10
190,Toti Gomes,POR,DF,Wolves,22,1999,4.0,241,32,124,117,16,4,239,3,4,75.0,3,0,134,701,364,10,3,0,0,1,147,142,96.6,1
191,Joe Gomez,ENG,DF,Liverpool,24,1997,3.7,325,5,60,165,119,7,287,4,7,57.1,4,0,216,812,398,21,8,2,3,5,211,204,96.7,12
192,Charlie Goode,ENG,DF,Brentford,25,1995,5.0,337,20,122,163,74,11,262,5,7,71.4,5,0,163,1003,497,14,7,0,1,1,171,164,95.9,7
193,Anthony Gordon,ENG,"MF,FW",Everton,20,2001,25.4,1154,22,174,461,616,87,1065,44,86,51.2,51,7,748,5020,2871,138,45,25,63,48,970,704,72.6,97
194,Kaide Gordon,ENG,FW,Liverpool,16,2004,0.1,8,0,0,4,4,1,8,0,1,0.0,0,1,7,32,9,1,0,0,0,1,11,7,63.6,3
195,Dan Gosling,ENG,MF,Watford,31,1990,1.8,85,5,28,43,18,4,84,0,0,,0,0,47,259,107,1,0,1,2,2,61,52,85.2,6
196,Demarai Gray,ENG,"MF,FW",Everton,25,1996,26.0,1108,20,119,427,669,91,1015,47,86,54.7,49,3,811,5573,3062,174,58,29,57,50,1017,733,72.1,144
197,Jack Grealish,ENG,FW,Manchester City,25,1995,21.3,1216,18,74,461,792,194,1192,34,59,57.6,37,1,1040,7778,4678,287,69,88,26,43,1223,1001,81.8,194
198,Mason Greenwood,ENG,"FW,MF",Manchester Utd,19,2001,14.1,662,6,79,295,338,60,645,29,50,58.0,31,3,532,3451,2032,107,28,27,19,20,703,524,74.5,92
199,Sam Greenwood,ENG,"MF,FW",Leeds United,19,2002,2.6,111,3,15,67,34,6,105,1,2,50.0,1,0,71,343,129,6,1,2,5,1,82,62,75.6,18
200,Pascal Groß,GER,"MF,DF",Brighton,30,1991,22.6,1506,47,254,666,659,64,1313,10,19,52.6,11,1,894,4207,1915,100,37,5,21,24,1156,993,85.9,99
201,Vicente Guaita,ESP,GK,Crystal Palace,34,1987,29.5,1038,928,1033,4,1,0,782,0,0,,0,0,525,2066,995,0,0,0,0,0,483,483,100.0,0
202,Marc Guéhi,ENG,DF,Crystal Palace,21,2000,35.8,2581,422,1545,1118,85,30,2525,12,15,80.0,12,0,1780,9225,5052,99,21,1,8,5,1868,1858,99.5,2
203,Bruno Guimarães,BRA,MF,Newcastle Utd,23,1997,11.5,716,36,182,389,212,22,704,17,32,53.1,17,0,519,2777,1170,54,23,3,21,33,519,468,90.2,14
204,İlkay Gündoğan,GER,MF,Manchester City,30,1990,20.6,1512,24,173,823,620,94,1430,21,32,65.6,22,3,1039,5295,2409,132,48,14,18,26,1343,1201,89.4,120
205,Angus Gunn,ENG,GK,Norwich City,25,1996,9.0,331,285,331,0,0,0,206,0,0,,0,0,112,476,302,0,0,0,0,0,107,106,99.1,0
206,Grant Hanley,SCO,DF,Norwich City,29,1991,32.2,1663,396,1116,547,51,34,1609,4,6,66.7,4,0,820,3325,1450,23,3,0,5,1,946,915,96.7,3
207,Jack Harrison,ENG,"FW,MF",Leeds United,24,1996,29.3,1444,37,281,604,677,104,1398,49,104,47.1,53,4,1083,6226,3841,205,57,31,71,69,1287,984,76.5,151
208,Kortney Hause,ENG,DF,Aston Villa,26,1995,4.4,249,35,143,112,10,6,244,2,4,50.0,2,0,151,960,512,3,0,0,1,2,153,145,94.8,3
209,Kai Havertz,GER,"FW,MF",Chelsea,22,1999,20.1,975,35,93,408,526,141,946,21,43,48.8,24,2,695,3593,1837,113,24,32,63,46,1139,756,66.4,211
210,Isaac Hayden,ENG,"MF,DF",Newcastle Utd,26,1995,11.1,461,47,182,218,76,10,446,8,13,61.5,8,0,247,845,362,12,7,1,9,10,295,242,82.0,10
211,Hwang Hee-chan,KOR,"FW,MF",Wolves,25,1996,20.2,869,14,132,458,356,71,860,31,58,53.4,33,10,645,4104,2214,105,38,21,55,36,919,667,72.6,128
212,Jordan Henderson,ENG,MF,Liverpool,31,1990,28.9,2403,45,316,1475,752,48,2332,17,26,65.4,18,3,1587,7063,3187,130,59,4,19,13,1999,1846,92.3,115
213,Jeff Hendrick,IRL,MF,Newcastle Utd,29,1992,0.8,32,1,4,20,9,1,32,1,1,100.0,1,1,25,75,26,1,0,0,0,1,26,23,88.5,1
214,Wayne Hennessey,WAL,GK,Burnley,34,1987,2.0,87,69,83,4,0,0,51,0,0,,0,0,26,158,127,0,0,0,0,0,23,23,100.0,0
215,Rico Henry,ENG,DF,Brentford,24,1997,30.8,1546,98,508,647,483,40,1426,23,53,43.4,24,1,927,4391,2330,108,37,12,20,44,975,839,86.1,61
216,Son Heung-min,KOR,"FW,MF",Tottenham,29,1992,33.4,1578,14,161,623,908,167,1368,51,86,59.3,57,3,1082,6634,3682,185,66,53,59,66,1567,1093,69.8,256
217,Ki-Jana Hoever,NED,DF,Wolves,19,2002,3.4,200,9,58,89,61,3,167,1,7,14.3,1,0,104,587,377,13,2,3,2,3,127,105,82.7,5
218,Rob Holding,ENG,DF,Arsenal,25,1995,9.4,579,94,298,289,19,6,564,1,3,33.3,1,0,350,1599,783,16,2,0,1,3,373,364,97.6,0
219,Mason Holgate,ENG,DF,Everton,24,1996,23.7,1058,176,558,498,55,14,998,1,2,50.0,1,0,456,2506,1214,21,5,0,2,8,515,498,96.7,1
220,Callum Hudson-Odoi,ENG,"FW,MF",Chelsea,20,2000,10.7,505,7,40,194,315,62,491,19,30,63.3,19,0,419,2981,1866,105,25,34,16,22,513,394,76.8,73
221,Will Hughes,ENG,MF,Crystal Palace,26,1995,11.7,649,32,176,361,145,6,611,6,13,46.2,7,0,382,1665,786,34,12,0,8,11,406,377,92.9,9
222,Pierre Højbjerg,DEN,MF,Tottenham,25,1995,35.5,2845,123,750,1778,479,34,2767,40,57,70.2,41,2,2006,8842,4451,144,39,7,24,27,2159,2068,95.8,51
223,Adam Idah,IRL,"FW,MF",Norwich City,20,2001,6.9,235,13,27,93,127,33,230,12,16,75.0,12,0,170,932,337,19,3,2,26,17,364,162,44.5,51
224,Kelechi Iheanacho,NGA,FW,Leicester City,24,1996,14.0,540,10,48,257,268,61,522,15,32,46.9,16,2,395,1774,912,50,16,11,45,30,720,397,55.1,102
225,Danny Ings,ENG,FW,Aston Villa,29,1992,21.1,623,21,68,260,317,126,601,11,35,31.4,13,3,360,1632,795,42,9,10,46,17,768,399,52.0,117
226,Tim Iroegbunam,ENG,MF,Aston Villa,18,2003,1.0,33,1,10,23,3,1,33,0,0,,0,0,19,122,78,3,1,0,0,0,14,14,100.0,0
227,Alex Iwobi,NGA,"MF,DF",Everton,25,1996,22.6,1052,43,231,436,459,74,1000,32,58,55.2,37,9,749,4013,2306,108,32,19,31,33,872,667,76.5,86
228,Daniel James,WAL,FW,Manchester Utd,23,1997,1.4,53,1,2,22,33,9,53,0,3,0.0,1,0,33,232,158,10,3,1,5,3,50,34,68.0,15
229,Daniel James,WAL,"FW,MF",Leeds United,23,1997,26.3,786,22,92,301,451,126,755,18,44,40.9,20,0,533,3492,2164,122,26,32,48,37,966,525,54.3,168
230,Reece James,ENG,DF,Chelsea,21,1999,20.7,1877,37,316,856,837,75,1638,34,43,79.1,36,1,1349,5827,2899,156,61,16,17,24,1449,1336,92.2,98
231,Vitaly Janelt,GER,MF,Brentford,23,1998,25.5,1256,75,376,635,311,49,1200,17,22,77.3,18,2,697,3487,1743,65,20,4,26,12,911,747,82.0,54
232,Pontus Jansson,SWE,DF,Brentford,30,1991,36.9,1840,423,1173,675,64,49,1786,3,4,75.0,4,0,880,4387,1998,34,0,1,8,3,1051,996,94.8,4
233,Mathias Jensen,DEN,MF,Brentford,25,1996,17.8,955,32,203,503,304,33,857,12,20,60.0,14,5,546,2549,1237,67,20,1,15,21,684,558,81.6,50
234,Gabriel Jesus,BRA,FW,Manchester City,24,1997,20.9,1033,16,87,369,633,167,1016,40,61,65.6,45,4,829,3983,2035,147,23,34,57,46,1104,797,72.2,161
235,Raúl Jiménez,MEX,FW,Wolves,30,1991,29.2,1210,36,115,671,497,136,1157,38,93,40.9,45,2,813,3164,1636,95,23,18,92,66,1405,889,63.3,193
236,Joelinton,BRA,"MF,FW",Newcastle Utd,24,1996,28.4,1399,82,317,712,484,86,1386,33,66,50.0,35,4,903,4543,2524,107,37,10,74,69,1103,868,78.7,101
237,Ben Johnson,ENG,DF,West Ham,21,2000,15.5,942,94,342,413,233,13,795,9,16,56.3,12,2,507,2354,1021,41,20,1,11,13,548,506,92.3,18
238,Curtis Jones,ENG,MF,Liverpool,20,2001,9.5,694,11,84,419,243,16,681,18,28,64.3,18,1,562,3090,1490,82,23,5,14,21,616,563,91.4,43
239,Phil Jones,ENG,DF,Manchester Utd,29,1992,1.8,100,18,47,51,7,1,100,0,0,,0,0,64,284,141,5,1,0,1,0,63,63,100.0,0
240,Jorginho,ITA,MF,Chelsea,29,1991,25.3,2087,62,468,1290,453,15,2044,13,17,76.5,14,1,1462,5730,2843,119,32,1,12,22,1624,1564,96.3,37
241,Diogo Jota,POR,FW,Liverpool,24,1996,26.3,1129,15,103,483,624,190,1122,32,73,43.8,40,9,798,3994,2485,138,38,29,58,48,1372,865,63.0,227
242,James Justin,ENG,DF,Leicester City,23,1998,11.1,801,45,288,354,204,16,698,4,12,33.3,5,1,447,1777,1034,40,14,4,3,14,515,470,91.3,27
243,Mathias Jørgensen,DEN,DF,Brentford,31,1990,5.8,382,30,163,160,78,4,314,0,0,,0,0,171,909,609,11,5,0,1,2,204,194,95.1,1
244,Ozan Kabak,TUR,DF,Norwich City,21,2000,10.2,514,75,325,208,16,5,498,14,18,77.8,14,0,319,1691,948,15,3,0,3,6,333,320,96.1,0
245,Christian Kabasele,BEL,DF,Watford,30,1991,13.3,592,110,373,226,19,11,583,0,1,0.0,1,0,311,1463,604,13,0,0,0,4,324,320,98.8,2
246,Samuel Kalu,NGA,FW,Watford,23,1997,2.5,100,4,11,41,53,6,93,2,5,40.0,2,0,68,321,180,13,5,3,9,6,90,71,78.9,11
247,Hassane Kamara,CIV,DF,Watford,27,1994,18.0,1161,86,531,514,181,10,977,18,34,52.9,19,1,608,3262,1512,49,17,3,11,9,552,510,92.4,16
248,Harry Kane,ENG,FW,Tottenham,28,1993,35.9,1434,47,149,731,660,194,1370,62,102,60.8,67,10,1003,5290,2479,137,48,26,87,73,1755,1106,63.0,289
249,N'Golo Kanté,FRA,MF,Chelsea,30,1991,19.7,1521,31,293,824,514,37,1515,31,46,67.4,31,1,1117,5857,3347,148,53,7,27,34,1243,1155,92.9,79
250,Edo Kayembe,COD,MF,Watford,22,1998,8.9,521,30,169,321,77,4,513,5,12,41.7,6,0,361,2203,1038,39,10,1,4,11,343,322,93.9,10
251,Moise Kean,ITA,FW,Everton,21,2000,0.0,2,0,0,2,0,0,2,0,0,,0,0,0,0,0,0,0,0,0,1,3,2,66.7,0
252,Michael Keane,ENG,DF,Everton,28,1993,31.0,1486,242,801,694,61,29,1459,5,7,71.4,5,0,749,4121,1856,48,7,0,7,3,809,782,96.7,6
253,Naby Keïta,GUI,MF,Liverpool,26,1995,13.0,930,14,136,532,317,39,914,15,25,60.0,16,1,650,3079,1814,92,27,10,23,10,758,669,88.3,36
254,Caoimhín Kelleher,IRL,GK,Liverpool,22,1998,2.0,94,72,94,0,0,0,75,0,0,,0,0,53,160,93,0,0,0,0,0,54,54,100.0,0
255,Kenedy,BRA,DF,Chelsea,25,1996,0.6,60,2,9,24,30,3,57,0,1,0.0,0,0,44,161,76,5,1,1,1,2,47,45,95.7,7
256,Jonjoe Kenny,ENG,DF,Everton,24,1997,11.3,581,36,169,277,160,11,488,3,9,33.3,3,1,304,1250,634,31,14,4,4,4,313,288,92.0,12
257,Max Kilman,ENG,DF,Wolves,24,1997,29.9,1778,214,950,844,105,22,1743,13,17,76.5,14,0,1145,6267,3616,110,26,1,9,9,1206,1181,97.9,7
258,Joshua King,NOR,FW,Watford,29,1992,25.0,864,37,107,421,389,121,826,36,67,53.7,38,4,526,2795,1559,82,24,25,94,43,1104,600,54.3,162
259,Kristoffer Klaesson,NOR,GK,Leeds United,20,2000,0.4,14,12,14,0,0,0,11,0,0,,0,0,5,28,11,0,0,0,0,0,4,4,100.0,0
260,Mateusz Klich,POL,MF,Leeds United,31,1990,23.0,1244,39,280,627,412,59,1207,19,29,65.5,21,1,826,4458,2115,103,34,6,24,31,1005,827,82.3,128
261,Robin Koch,GER,"MF,DF",Leeds United,25,1996,17.5,862,116,400,397,95,17,840,4,5,80.0,4,0,426,1558,702,20,7,1,10,7,536,495,92.4,14
262,Sead Kolašinac,BIH,DF,Arsenal,28,1993,1.0,27,8,19,8,0,0,25,0,0,,0,0,10,30,15,0,0,0,0,0,8,7,87.5,0
263,Ibrahima Konaté,FRA,DF,Liverpool,22,1999,11.0,830,81,365,487,21,6,821,3,3,100.0,3,0,555,2786,1647,46,3,0,2,2,578,569,98.4,2
264,Ezri Konsa,ENG,DF,Aston Villa,23,1997,27.5,1205,215,708,490,72,35,1170,6,8,75.0,6,0,725,3197,1679,29,8,0,9,8,794,757,95.3,7
265,Cheikhou Kouyaté,SEN,MF,Crystal Palace,31,1989,21.9,1064,86,403,589,115,8,1046,13,20,65.0,14,0,596,2341,1041,23,6,0,24,18,573,534,93.2,6
266,Mateo Kovačić,CRO,MF,Chelsea,27,1994,17.3,1373,24,250,876,376,19,1356,31,39,79.5,32,0,1059,5756,3000,126,60,6,15,30,1123,1076,95.8,32
267,Emil Krafth,SWE,DF,Newcastle Utd,26,1994,18.2,948,86,408,370,214,9,776,3,5,60.0,3,0,436,2245,1294,55,23,3,6,4,464,428,92.2,7
268,Alex Král,CZE,MF,West Ham,23,1998,0.0,2,0,0,2,0,0,2,0,0,,0,0,1,4,0,0,0,0,0,0,0,0,,0
269,Tim Krul,NED,GK,Norwich City,33,1988,29.0,1144,987,1131,16,1,0,819,0,0,,0,0,487,2202,1225,0,0,0,0,0,506,504,99.6,0
270,Juraj Kucka,SVK,MF,Watford,34,1987,21.3,1037,79,309,536,244,33,1011,21,36,58.3,24,8,530,2563,1322,64,19,4,25,29,638,524,82.1,28
271,Dejan Kulusevski,SWE,"MF,FW",Tottenham,21,2000,14.0,634,4,98,284,294,71,614,28,56,50.0,31,5,495,2589,1482,94,19,22,28,27,586,452,77.1,95
272,Alexandre Lacazette,FRA,"FW,MF",Arsenal,30,1991,19.8,664,6,74,307,322,107,649,17,30,56.7,17,1,423,1579,847,46,13,8,43,27,788,499,63.3,129
273,Adam Lallana,ENG,MF,Brighton,33,1988,17.3,1117,44,283,620,284,38,1109,19,30,63.3,20,0,804,3255,1461,69,20,5,21,20,865,792,91.6,66
274,Tariq Lamptey,ENG,"DF,FW",Brighton,20,2000,17.3,1043,41,226,401,509,45,972,28,60,46.7,29,0,762,4516,2867,161,35,18,31,25,887,713,80.4,76
275,Manuel Lanzini,ARG,"MF,FW",West Ham,28,1993,19.8,1379,26,250,811,405,42,1312,17,27,63.0,19,2,1004,4878,2278,120,40,7,18,21,1132,1013,89.5,60
276,Aymeric Laporte,ESP,DF,Manchester City,27,1994,31.4,3059,258,1144,2013,177,43,3006,3,5,60.0,3,0,2285,14300,9587,352,61,1,1,8,2539,2501,98.5,8
277,Jamaal Lascelles,ENG,DF,Newcastle Utd,27,1993,22.9,940,232,620,284,66,49,931,1,1,100.0,1,0,415,1739,708,10,0,0,7,4,513,486,94.7,4
278,Pierre Lees-Melou,FRA,MF,Norwich City,28,1993,25.2,1271,79,377,636,329,36,1250,15,33,45.5,18,1,824,4104,1927,75,25,7,17,10,945,829,87.7,58
279,Aaron Lennon,ENG,MF,Burnley,34,1987,17.2,564,24,96,231,266,48,556,15,37,40.5,18,1,369,1833,940,56,13,18,18,16,482,346,71.8,51
280,Bernd Leno,GER,GK,Arsenal,29,1992,4.0,125,105,125,0,0,0,82,0,0,,0,0,56,290,112,0,0,0,0,0,47,47,100.0,0
281,Jamal Lewis,NIR,DF,Newcastle Utd,23,1998,2.9,138,10,57,51,33,1,115,0,2,0.0,0,0,74,318,98,4,0,1,1,8,73,64,87.7,2
282,Victor Lindelöf,SWE,DF,Manchester Utd,27,1994,26.2,1529,259,900,665,61,14,1500,0,1,0.0,0,0,910,5874,3055,73,15,1,4,3,1006,989,98.3,2
283,Jesse Lingard,ENG,"FW,MF",Manchester Utd,28,1992,4.1,203,2,17,97,97,12,200,2,9,22.2,4,1,141,637,382,17,6,1,9,6,213,154,72.3,20
284,Valentino Livramento,ENG,DF,Southampton,18,2002,24.5,1466,82,415,694,483,48,1262,32,58,55.2,38,1,862,5797,3236,128,51,13,31,30,874,776,88.8,55
285,Diego Llorente,ESP,DF,Leeds United,27,1993,26.0,1645,262,997,729,50,13,1603,9,11,81.8,9,1,993,7259,4603,56,6,0,7,12,1031,1003,97.3,2
286,Hugo Lloris,FRA,GK,Tottenham,34,1986,38.0,1043,964,1041,3,0,0,721,0,0,,0,0,399,1760,873,0,0,0,0,0,373,370,99.2,0
287,Giovani Lo Celso,ARG,"MF,FW",Tottenham,25,1996,2.6,196,1,25,99,85,10,184,6,8,75.0,8,0,142,754,386,20,6,1,8,10,173,145,83.8,23
288,Jürgen Locadia,NED,FW,Brighton,27,1993,0.3,6,0,0,3,3,2,6,1,1,100.0,1,0,5,10,4,0,0,0,0,1,15,4,26.7,0
289,Ruben Loftus-Cheek,ENG,"MF,DF",Chelsea,25,1996,15.5,1184,23,200,732,355,42,1165,35,53,66.0,37,3,908,4797,3068,131,49,8,22,38,978,897,91.7,46
290,Kevin Long,IRL,DF,Burnley,30,1990,4.6,139,26,89,53,6,6,138,0,0,,0,0,60,365,144,1,0,0,0,1,70,67,95.7,0
291,Shane Long,IRL,FW,Southampton,34,1987,3.4,140,2,10,50,86,19,139,2,5,40.0,2,0,71,183,54,2,0,1,16,11,176,105,59.7,26
292,Sean Longstaff,ENG,MF,Newcastle Utd,23,1997,16.3,775,47,225,426,171,18,746,3,5,60.0,3,0,469,2180,743,22,9,0,8,23,507,447,88.2,22
293,Ademola Lookman,NGA,"FW,MF",Leicester City,23,1997,16.1,794,7,107,367,371,93,778,40,65,61.5,41,5,630,2772,1569,95,24,19,37,57,746,556,74.5,124
294,Jonas Lössl,DEN,GK,Brentford,32,1989,2.0,66,54,65,1,0,0,50,0,0,,0,0,42,214,140,0,0,0,0,0,36,35,97.2,0
295,Imran Louza,MAR,MF,Watford,22,1999,15.7,897,48,251,527,172,9,810,13,27,48.1,14,0,466,2586,1259,38,11,2,13,10,488,442,90.6,16
296,Matthew Lowton,ENG,DF,Burnley,32,1989,19.7,1077,95,328,497,297,11,884,9,15,60.0,10,0,488,2037,1211,58,20,4,8,7,536,486,90.7,18
297,Douglas Luiz,BRA,MF,Aston Villa,23,1998,30.2,1783,86,481,1023,365,9,1609,15,35,42.9,17,2,1072,5351,2433,95,21,1,27,24,1173,1088,92.8,29
298,Romelu Lukaku,BEL,FW,Chelsea,28,1993,17.7,504,21,32,223,276,106,476,15,29,51.7,19,1,298,1263,759,42,12,23,38,28,777,371,47.7,149
299,Lyanco,BRA,DF,Southampton,24,1997,10.1,513,112,282,238,23,7,497,6,7,85.7,6,0,264,1423,623,16,3,2,2,5,263,252,95.8,2
300,Alexis Mac Allister,ARG,"MF,FW",Brighton,22,1998,23.6,1403,45,243,665,561,52,1321,18,39,46.2,22,4,864,4018,2038,104,29,3,25,30,1020,879,86.2,87
301,James Maddison,ENG,"MF,FW",Leicester City,24,1996,27.3,1382,24,192,722,552,82,1240,36,61,59.0,38,2,961,4919,2582,150,37,13,39,31,1225,988,80.7,146
302,Harry Maguire,ENG,DF,Manchester Utd,28,1993,27.9,1808,265,907,917,101,41,1764,3,5,60.0,3,0,1081,7191,3901,110,19,0,5,4,1201,1175,97.8,7
303,Riyad Mahrez,ALG,FW,Manchester City,30,1991,16.6,1116,15,77,340,781,133,1018,26,44,59.1,26,0,869,4820,2520,155,30,36,28,33,980,854,87.1,139
304,Ainsley Maitland-Niles,ENG,MF,Arsenal,23,1997,3.0,171,9,47,89,41,1,166,2,7,28.6,2,0,101,422,216,10,1,0,3,5,116,108,93.1,3
305,Sadio Mané,SEN,FW,Liverpool,29,1992,31.3,1556,19,113,694,870,250,1544,49,82,59.8,52,9,1188,6608,3397,199,59,54,98,72,1880,1240,66.0,356
306,Javier Manquillo,ESP,DF,Newcastle Utd,27,1994,14.0,552,61,222,217,137,11,455,8,12,66.7,8,0,259,1148,516,19,8,1,9,7,268,224,83.6,18
307,Fernando Marçal,BRA,DF,Wolves,32,1989,16.1,1084,74,366,443,346,25,949,9,18,50.0,10,3,605,2902,1784,99,31,3,16,11,685,623,90.9,48
308,Solly March,ENG,"DF,FW",Brighton,27,1994,19.4,985,43,165,344,538,78,901,25,44,56.8,25,1,674,4240,2361,126,21,24,23,32,829,632,76.2,81
309,Pablo Marí,ESP,DF,Arsenal,27,1993,2.0,114,15,55,61,7,3,113,1,1,100.0,1,0,59,353,190,4,1,0,0,0,66,65,98.5,2
310,Anthony Martial,FRA,FW,Manchester Utd,25,1995,2.4,110,1,9,40,66,19,109,5,7,71.4,5,0,88,489,327,18,4,4,4,2,143,95,66.4,30
311,Martinelli,BRA,"FW,MF",Arsenal,20,2001,20.7,911,26,104,292,586,138,866,31,60,51.7,33,5,649,4513,2571,145,36,38,54,40,866,619,71.5,139
312,Emiliano Martínez,ARG,GK,Aston Villa,28,1992,36.0,1141,991,1128,16,0,0,772,1,1,100.0,1,0,531,2547,1431,0,0,0,0,0,443,439,99.1,0
313,Adam Masina,MAR,DF,Watford,27,1994,12.0,668,66,263,311,117,3,557,8,10,80.0,8,0,330,1374,731,24,7,0,6,6,339,316,93.2,5
314,Arthur Masuaku,COD,"DF,FW",West Ham,27,1993,7.2,475,30,146,186,164,9,434,5,8,62.5,5,1,300,1214,684,35,8,4,9,9,295,270,91.5,11
315,Juan Mata,ESP,MF,Manchester Utd,33,1988,2.6,240,0,43,125,90,9,238,4,5,80.0,5,0,197,908,440,26,7,1,5,6,214,192,89.7,14
316,Jean-Philippe Mateta,FRA,FW,Crystal Palace,24,1997,12.7,388,18,38,198,168,66,372,15,25,60.0,16,2,209,919,441,27,5,10,30,18,574,277,48.3,61
317,Nemanja Matić,SRB,MF,Manchester Utd,32,1988,15.4,1185,59,368,725,189,8,1160,11,13,84.6,11,0,786,4583,2840,120,28,2,18,17,858,827,96.4,8
318,Joël Matip,CMR,DF,Liverpool,29,1991,31.0,2549,253,1060,1537,186,59,2496,13,14,92.9,13,0,1609,10768,7547,275,75,4,8,7,1824,1778,97.5,8
319,Neal Maupay,FRA,FW,Brighton,24,1996,25.3,885,8,54,363,516,130,828,29,49,59.2,33,4,612,2487,1220,70,30,12,49,55,1189,635,53.4,214
320,Bryan Mbeumo,FRA,FW,Brentford,21,1999,32.3,1221,26,144,471,693,156,1172,35,74,47.3,37,5,769,4325,2390,125,36,32,81,63,1545,846,54.8,266
321,James McArthur,SCO,MF,Crystal Palace,33,1987,16.0,1119,55,283,666,241,24,1074,17,23,73.9,17,2,749,3914,1849,73,25,3,10,22,758,696,91.8,31
322,James Mcatee,ENG,"MF,FW",Manchester City,18,2002,0.2,17,0,1,10,6,3,17,1,1,100.0,1,0,12,38,29,2,0,1,0,2,13,13,100.0,3
323,Kasey McAteer,ENG,FW,Leicester City,19,2001,0.0,2,1,1,0,1,0,2,0,0,,0,0,2,5,5,0,0,0,1,0,4,2,50.0,0
324,Liam McCarron,SCO,FW,Leeds United,20,2001,0.1,2,0,1,2,0,0,2,0,0,,0,0,2,32,8,1,0,0,0,0,1,1,100.0,0
325,Alex McCarthy,ENG,GK,Southampton,31,1989,17.0,546,446,543,4,0,0,380,0,0,,0,0,243,910,527,0,0,0,0,0,232,229,98.7,0
326,John McGinn,SCO,MF,Aston Villa,26,1994,34.3,1752,71,395,963,500,29,1635,41,63,65.1,44,1,1146,5315,2954,125,32,7,34,37,1164,1065,91.5,59
327,Stuart McKinstry,SCO,MF,Leeds United,18,2002,0.0,5,0,2,4,0,0,5,0,0,,0,0,4,31,28,0,0,0,1,0,5,3,60.0,0
328,Kenny McLean,SCO,MF,Norwich City,29,1992,30.1,1358,77,388,718,331,43,1331,17,32,53.1,19,1,786,4154,1911,80,24,4,28,20,1109,878,79.2,69
329,Dwight McNeil,ENG,MF,Burnley,21,1999,34.5,1597,50,285,764,703,61,1503,75,137,54.7,82,5,1185,7885,3763,199,69,19,44,62,1169,960,82.1,96
330,Scott McTominay,SCO,MF,Manchester Utd,24,1996,26.5,1584,96,422,942,324,31,1558,33,45,73.3,33,0,1056,5967,2941,130,47,3,31,32,1104,1008,91.3,38
331,Ben Mee,ENG,DF,Burnley,31,1989,20.4,974,146,494,467,50,28,947,4,6,66.7,5,0,474,2388,1029,19,1,0,4,5,472,452,95.8,3
332,Hannibal Mejbri,TUN,FW,Manchester Utd,18,2003,0.8,32,0,4,14,15,2,32,1,2,50.0,2,0,26,108,37,2,1,0,3,4,37,25,67.6,6
333,Benjamin Mendy,FRA,DF,Manchester City,27,1994,0.9,94,0,16,57,28,1,82,1,2,50.0,1,1,69,302,204,8,4,0,0,1,72,69,95.8,1
334,Edouard Mendy,SEN,GK,Chelsea,29,1992,34.0,1011,893,1009,4,0,0,791,0,0,,0,0,509,1792,725,0,0,0,1,0,528,526,99.6,0
335,Nampalys Mendy,SEN,MF,Leicester City,29,1992,11.5,737,25,218,504,67,0,730,3,8,37.5,6,0,555,2658,1098,40,7,0,7,14,572,554,96.9,8
336,Illan Meslier,FRA,GK,Leeds United,21,2000,37.6,1492,1327,1491,2,0,0,1133,2,2,100.0,2,0,790,3286,1666,0,0,0,3,1,724,723,99.9,0
337,Luka Milivojević,SRB,MF,Crystal Palace,30,1991,8.6,555,23,156,295,121,2,502,2,3,66.7,2,0,283,1062,474,19,6,0,2,1,338,330,97.6,5
338,James Milner,ENG,"MF,DF",Liverpool,35,1986,9.5,875,44,185,451,272,11,822,3,5,60.0,3,0,539,1926,1005,42,15,1,9,10,645,599,92.9,31
339,Yerry Mina,COL,DF,Everton,26,1994,9.4,459,102,273,179,24,13,451,0,1,0.0,1,0,246,1284,566,7,0,0,3,1,269,255,94.8,4
340,Takumi Minamino,JPN,"FW,MF",Liverpool,26,1995,2.1,101,2,10,38,55,12,101,1,6,16.7,1,0,77,299,145,10,0,1,2,2,116,83,71.6,22
341,Tyrone Mings,ENG,DF,Aston Villa,28,1993,35.4,1960,376,1203,759,125,55,1893,9,11,81.8,9,0,1096,6873,3659,67,15,1,7,3,1231,1178,95.7,10
342,Tyrick Mitchell,ENG,DF,Crystal Palace,21,1999,34.5,2287,150,881,1002,525,33,1893,15,29,51.7,16,1,1262,5335,2745,94,41,2,33,37,1277,1182,92.6,60
343,Jakub Moder,POL,"MF,FW",Brighton,22,1999,18.9,1052,40,203,436,485,68,1022,14,34,41.2,16,4,681,3382,1668,88,36,4,31,28,894,721,80.6,91
344,Wesley Moraes,BRA,FW,Aston Villa,24,1996,0.0,4,0,0,1,3,0,4,0,0,,0,0,1,0,0,0,0,0,1,0,6,4,66.7,1
345,Tyler Morton,ENG,MF,Liverpool,18,2002,0.7,39,0,3,33,5,0,39,0,0,,0,0,27,91,36,2,0,0,0,0,23,21,91.3,0
346,Mason Mount,ENG,"MF,FW",Chelsea,22,1999,26.3,1576,17,140,593,954,155,1460,22,46,47.8,23,3,1147,5821,3276,180,80,30,49,44,1485,1187,79.9,240
347,Lucas Moura,BRA,"FW,MF",Tottenham,28,1992,19.7,1047,20,116,578,450,64,1034,40,73,54.8,43,1,754,4036,2254,144,52,15,55,43,1002,789,78.7,101
348,João Moutinho,POR,MF,Wolves,34,1986,33.0,2259,74,550,1306,513,11,2084,17,25,68.0,21,0,1446,6357,3246,142,36,3,21,27,1576,1478,93.8,45
349,Bali Mumba,ENG,DF,Norwich City,19,2001,0.5,19,8,12,4,3,0,19,0,1,0.0,0,0,9,53,19,1,0,0,0,0,9,8,88.9,0
350,Jacob Murphy,ENG,"FW,DF",Newcastle Utd,26,1995,16.4,776,35,208,300,324,66,690,15,28,53.6,17,2,462,3035,1936,95,23,18,22,27,548,430,78.5,58
351,Enock Mwepu,ZAM,"MF,FW",Brighton,23,1998,11.1,557,31,123,281,198,39,555,12,21,57.1,14,1,360,1781,998,42,16,7,26,15,450,347,77.1,50
352,Vitaliy Mykolenko,UKR,DF,Everton,22,1999,11.7,610,48,196,215,213,14,490,5,11,45.5,7,1,270,997,484,16,5,0,6,6,269,240,89.2,11
353,Marvelous Nakamba,ZIM,MF,Aston Villa,27,1994,10.0,476,33,156,283,55,0,467,7,10,70.0,7,1,269,1203,457,15,5,0,5,9,281,261,92.9,4
354,Wilfred Ndidi,NGA,"MF,DF",Leicester City,24,1996,18.0,1180,103,422,655,150,18,1160,7,10,70.0,7,0,687,2943,1184,41,10,1,18,14,700,668,95.4,12
355,Tanguy Ndombele,FRA,MF,Tottenham,24,1996,5.4,352,5,46,217,114,13,344,13,24,54.2,13,1,264,1289,794,52,15,7,15,19,313,278,88.8,30
356,Reiss Nelson,ENG,FW,Arsenal,21,1999,0.2,16,0,0,7,10,2,16,0,0,,0,0,11,44,14,0,0,0,1,0,12,11,91.7,3
357,Pedro Neto,POR,"FW,MF",Wolves,21,2000,5.2,307,1,28,125,183,32,279,9,22,40.9,11,3,226,1532,977,45,14,9,22,13,298,232,77.9,45
358,Rúben Neves,POR,MF,Wolves,24,1997,29.6,2235,101,597,1364,390,10,2166,28,39,71.8,31,2,1573,6333,3130,113,37,3,16,23,1653,1590,96.2,27
359,Jeremy Ngakia,ENG,DF,Watford,20,2000,10.0,553,47,239,220,130,2,468,10,15,66.7,11,2,288,1471,906,29,18,0,5,7,283,261,92.2,6
360,Saúl Ñíguez,ESP,"MF,DF",Chelsea,26,1994,5.3,428,11,104,230,109,13,399,3,6,50.0,3,0,250,884,352,16,3,1,7,11,319,293,91.8,20
361,Eddie Nketiah,ENG,FW,Arsenal,22,1999,9.3,373,8,37,173,194,71,364,10,27,37.0,13,1,253,1627,857,43,23,12,34,13,422,278,65.9,71
362,Nicolas Nkoulou,CMR,DF,Watford,31,1990,1.9,72,11,38,34,2,0,71,1,1,100.0,1,0,42,126,47,0,0,0,0,1,41,40,97.6,0
363,Mark Noble,ENG,MF,West Ham,34,1987,3.7,305,8,80,207,35,2,292,1,1,100.0,1,0,210,817,347,12,4,0,5,2,246,237,96.3,3
364,Mathias Normann,NOR,MF,Norwich City,25,1996,18.3,991,77,346,527,179,4,932,20,28,71.4,20,0,567,3002,1531,55,16,1,16,21,623,572,91.8,3
365,Christian Nørgaard,DEN,MF,Brentford,27,1994,33.9,2054,116,575,1222,340,58,1971,13,24,54.2,14,0,1053,4238,2090,80,26,4,17,26,1245,1123,90.2,34
366,Angelo Ogbonna,ITA,DF,West Ham,33,1988,10.2,528,69,293,251,14,8,523,0,0,,0,0,353,1947,714,6,1,0,0,1,375,363,96.8,1
367,Michael Olise,FRA,"FW,MF",Crystal Palace,19,2001,12.7,832,17,86,395,425,47,768,24,53,45.3,24,0,601,3544,2252,121,38,13,26,31,723,587,81.2,48
368,Robin Olsen,SWE,GK,Aston Villa,31,1990,1.0,49,48,49,0,0,0,27,0,0,,0,0,14,58,43,0,0,0,0,0,14,13,92.9,0
369,Andrew Omobamidele,IRL,DF,Norwich City,19,2002,4.2,276,30,139,144,17,2,263,0,0,,0,0,162,931,539,16,5,0,2,1,164,161,98.2,1
370,Tyler Onyango,ENG,"MF,FW",Everton,18,2003,0.3,5,0,1,3,1,1,5,1,2,50.0,1,1,2,0,0,0,0,0,0,0,6,2,33.3,0
371,Frank Onyeka,NGA,MF,Brentford,23,1998,11.6,468,24,127,243,127,17,460,9,14,64.3,10,0,283,1649,862,35,9,3,11,18,353,271,76.8,29
372,Divock Origi,BEL,FW,Liverpool,26,1995,1.5,68,2,6,21,42,17,68,1,3,33.3,2,0,46,142,65,4,1,1,9,5,66,50,75.8,17
373,Alex Oxlade-Chamberlain,ENG,"MF,FW",Liverpool,27,1993,8.7,503,6,50,259,245,33,493,10,15,66.7,13,0,366,2088,1234,65,33,5,9,18,465,371,79.8,54
374,Cole Palmer,ENG,"FW,MF",Manchester City,19,2002,1.4,76,0,5,30,46,15,76,1,3,33.3,1,1,57,265,139,7,2,3,6,4,73,62,84.9,21
375,Emerson Palmieri,ITA,DF,Chelsea,26,1994,0.1,2,0,0,1,1,1,2,0,0,,0,0,2,10,2,0,0,0,0,0,2,2,100.0,1
376,Thomas Partey,GHA,MF,Arsenal,28,1993,22.5,1425,65,395,845,284,23,1403,29,40,72.5,30,4,989,4802,2504,86,29,2,15,20,1044,996,95.4,14
377,João Pedro,BRA,"FW,MF",Watford,19,2001,18.3,908,21,93,443,459,90,878,51,98,52.0,57,13,622,3154,1809,89,40,16,51,68,966,648,67.1,114
378,Nicolas Pépé,CIV,"FW,MF",Arsenal,26,1995,7.7,510,12,65,162,309,64,470,20,41,48.8,21,1,366,1642,839,60,13,10,29,24,456,355,77.9,66
379,Ricardo Pereira,POR,DF,Leicester City,27,1993,11.0,798,39,250,392,200,21,698,10,16,62.5,10,2,473,1948,1208,64,18,4,9,6,523,469,89.7,15
380,Ayoze Pérez,ESP,"MF,FW",Leicester City,28,1993,4.9,244,6,45,128,89,21,241,8,16,50.0,9,1,166,719,430,28,13,4,12,16,231,169,73.2,36
381,Sonny Perkins,ENG,FW,West Ham,17,2004,0.0,1,0,0,1,0,0,1,0,0,,0,0,0,0,0,0,0,0,0,0,3,1,33.3,0
382,Romain Perraud,FRA,DF,Southampton,23,1997,18.0,955,58,263,386,354,27,807,9,22,40.9,12,0,558,2945,1550,63,21,4,17,11,588,510,86.7,44
383,Kalvin Phillips,ENG,MF,Leeds United,25,1995,17.7,1172,73,394,665,182,8,1129,8,13,61.5,10,0,705,3178,1191,27,12,2,10,18,744,710,95.4,17
384,Jaden Philogene Bidace,ENG,FW,Aston Villa,19,2002,0.1,3,0,1,0,2,0,3,0,0,,0,0,1,0,0,0,0,0,0,1,4,2,50.0,1
385,Jordan Pickford,ENG,GK,Everton,27,1994,35.0,1243,1045,1220,29,0,0,849,1,1,100.0,1,0,548,4042,2240,0,0,0,0,0,480,478,99.6,0
386,Erik Pieters,NED,DF,Burnley,32,1988,8.1,457,56,166,214,100,3,378,3,7,42.9,3,0,196,967,574,20,9,0,7,3,195,181,92.8,4
387,Ethan Pinnock,JAM,DF,Brentford,28,1993,29.9,1925,307,1046,725,224,55,1694,5,8,62.5,6,0,800,4048,2209,39,8,0,13,7,1007,960,95.3,13
388,Daniel Podence,POR,"FW,MF",Wolves,25,1995,16.5,839,2,106,390,426,57,803,33,67,49.3,34,4,656,3736,2388,118,49,24,34,33,875,654,74.7,97
389,Paul Pogba,FRA,"MF,FW",Manchester Utd,28,1993,15.0,1086,28,182,651,326,51,1075,40,52,76.9,41,1,811,3509,2109,97,24,8,25,34,968,851,87.9,60
390,Nick Pope,ENG,GK,Burnley,29,1992,36.0,1212,999,1185,33,0,0,792,1,1,100.0,1,0,461,3150,1881,0,0,0,0,0,328,328,100.0,0
391,Isaac Price,NIR,MF,Everton,17,2003,0.2,5,0,1,2,2,2,5,0,0,,0,0,1,4,0,0,0,0,0,0,3,2,66.7,1
392,Teemu Pukki,FIN,FW,Norwich City,31,1990,36.1,845,9,48,400,445,175,755,30,65,46.2,32,7,523,2541,1461,81,25,30,61,50,1280,531,41.5,224
393,Christian Pulisic,USA,"MF,FW",Chelsea,22,1998,14.3,681,9,82,296,362,79,665,20,47,42.6,24,1,511,2861,1561,90,25,13,41,31,704,511,72.6,121
394,Przemysław Płacheta,POL,"FW,MF",Norwich City,23,1998,5.6,223,8,53,81,100,16,205,6,10,60.0,6,0,154,998,567,25,5,6,11,15,210,138,65.7,23
395,Jesuran Rak Sakyi,ENG,"FW,MF",Crystal Palace,18,2002,0.9,41,1,7,21,15,2,39,0,2,0.0,0,0,28,176,95,2,1,0,2,1,35,28,80.0,5
396,Aaron Ramsdale,ENG,GK,Arsenal,23,1998,34.0,1249,995,1238,14,0,0,977,2,2,100.0,2,0,685,3537,1851,0,0,0,0,0,611,606,99.2,0
397,Jacob Ramsey,ENG,MF,Aston Villa,20,2001,27.4,1388,52,287,751,488,60,1372,24,40,60.0,27,2,1013,6578,3665,165,60,16,52,45,1143,992,86.8,80
398,Marcus Rashford,ENG,"FW,MF",Manchester Utd,23,1997,13.7,589,8,62,245,323,77,581,20,52,38.5,23,3,407,1927,1182,58,20,14,36,34,712,474,66.6,120
399,Milot Rashica,KVX,"FW,MF",Norwich City,25,1996,24.8,949,42,206,380,464,71,869,24,80,30.0,28,9,640,4671,3023,120,47,23,51,54,882,581,65.9,111
400,David Raya,ESP,GK,Brentford,25,1995,24.0,1112,895,1086,29,0,0,833,0,0,,0,0,540,2780,1355,1,0,0,2,0,551,550,99.8,0
401,Nathan Redmond,ENG,"MF,FW",Southampton,27,1994,20.4,916,26,137,399,449,51,877,22,39,56.4,25,3,626,3883,2168,117,48,15,24,19,839,624,74.4,95
402,Sergio Reguilón,ESP,DF,Tottenham,24,1996,21.3,1252,75,351,499,463,56,1091,18,48,37.5,19,5,759,3480,1946,98,33,11,26,20,866,752,86.8,79
403,Declan Rice,ENG,MF,West Ham,22,1999,35.3,2508,151,719,1592,451,52,2478,37,61,60.7,41,2,1799,12848,6605,251,92,13,21,29,1839,1768,96.1,35
404,Taylor Richards,ENG,"MF,FW",Brighton,20,2000,0.3,32,0,3,15,16,0,32,0,1,0.0,1,0,26,123,59,3,2,0,0,1,29,26,89.7,4
405,Richarlison,BRA,"FW,MF",Everton,24,1997,28.0,1053,40,145,396,575,154,1032,33,71,46.5,37,3,679,3245,1782,96,21,28,82,75,1282,665,51.9,142
406,Jaïro Riedewald,NED,MF,Crystal Palace,24,1996,1.3,66,2,19,39,15,1,61,0,2,0.0,0,0,43,187,73,4,2,0,1,1,46,41,89.1,3
407,Matt Ritchie,SCO,DF,Newcastle Utd,31,1989,14.9,827,45,262,341,257,9,647,3,5,60.0,3,1,406,1584,721,30,9,0,7,4,439,403,91.8,13
408,Connor Roberts,WAL,DF,Burnley,25,1995,18.8,1035,80,298,505,286,18,843,8,14,57.1,8,3,519,2624,1497,68,28,5,8,4,555,502,90.5,22
409,Tyler Roberts,WAL,"MF,FW",Leeds United,22,1999,11.0,435,12,71,213,191,49,420,9,22,40.9,9,0,310,1778,815,43,18,8,21,13,450,300,66.7,79
410,Andrew Robertson,SCO,DF,Liverpool,27,1994,28.2,2536,83,548,1237,905,93,2188,16,32,50.0,19,2,1613,7311,4585,205,70,10,17,19,1871,1719,91.9,115
411,Joe Rodon,WAL,DF,Tottenham,23,1997,1.0,44,10,19,26,1,0,44,0,0,,0,0,23,67,13,0,0,0,0,0,25,23,92.0,0
412,Rodri,ESP,MF,Manchester City,25,1996,32.0,3096,95,618,1965,698,64,3061,9,18,50.0,10,1,2181,9213,4710,205,44,8,13,28,2457,2382,96.9,61
413,Rodrigo,ESP,"MF,FW",Leeds United,30,1991,25.2,1177,33,177,633,450,79,1123,15,40,37.5,16,0,782,3884,1744,96,37,11,60,33,1206,867,71.9,191
414,Jay Rodriguez,ENG,FW,Burnley,32,1989,15.4,491,14,73,223,220,55,487,11,18,61.1,13,2,236,1308,634,33,13,3,25,13,685,336,49.1,66
415,Mads Roerslev,DEN,DF,Brentford,22,1999,13.8,498,50,197,178,140,12,475,3,15,20.0,6,0,260,1050,410,21,5,1,9,12,336,261,77.7,25
416,Cristian Romero,ARG,DF,Tottenham,23,1998,20.5,1533,259,837,715,88,18,1499,9,14,64.3,10,0,1024,5473,3097,79,21,2,11,8,1049,1019,97.1,7
417,Oriol Romeu,ESP,MF,Southampton,29,1991,32.1,1996,87,476,1229,425,54,1967,24,36,66.7,24,0,1267,6140,3203,144,49,5,27,20,1330,1263,95.0,40
418,Cristiano Ronaldo,POR,FW,Manchester Utd,36,1985,27.3,1184,32,99,549,591,182,1144,19,36,52.8,21,0,765,3435,2054,141,34,35,44,39,1513,965,63.8,218
419,Salomón Rondón,VEN,FW,Everton,31,1989,8.8,293,13,28,125,146,53,287,4,8,50.0,4,0,137,502,196,10,1,2,24,10,429,206,48.0,49
420,Danny Rose,ENG,DF,Watford,31,1990,7.7,409,34,138,180,112,4,305,9,15,60.0,9,2,175,833,508,25,8,0,4,6,192,173,90.1,6
421,Jon Rowe,ENG,"FW,MF",Norwich City,18,2003,2.5,116,2,22,54,52,11,113,5,11,45.5,6,0,89,487,272,13,5,1,2,10,119,76,63.9,13
422,John Ruddy,ENG,GK,Wolves,34,1986,1.5,36,35,36,0,0,0,21,0,0,,0,0,8,39,18,0,0,0,0,0,9,9,100.0,0
423,Antonio Rüdiger,GER,DF,Chelsea,28,1993,33.7,2759,226,1090,1564,313,49,2705,6,10,60.0,7,1,2007,9572,5631,187,63,3,9,18,2197,2143,97.5,17
424,Lukas Rupp,GER,MF,Norwich City,30,1991,8.5,495,25,122,267,143,17,492,13,18,72.2,13,1,367,1702,853,46,16,0,15,23,389,348,89.5,35
425,José Sá,POR,GK,Wolves,28,1993,36.5,1201,1112,1192,9,0,0,865,2,2,100.0,2,0,540,3186,1743,0,0,0,0,0,399,399,100.0,0
426,Allan Saint-Maximin,FRA,"FW,MF",Newcastle Utd,24,1997,31.2,1222,10,110,596,711,131,1197,140,230,60.9,150,4,1163,8055,5125,246,83,53,85,119,1302,942,72.4,138
427,Romain Saïss,MAR,DF,Wolves,31,1990,30.1,2111,303,1205,869,127,35,2061,5,8,62.5,6,1,1217,5502,2923,73,19,1,5,8,1411,1373,97.3,6
428,Bukayo Saka,ENG,"FW,MF",Arsenal,19,2001,33.1,1671,31,197,607,988,229,1583,49,100,49.0,51,7,1212,7011,4694,262,66,61,80,63,1681,1212,72.1,233
429,Mohamed Salah,EGY,FW,Liverpool,29,1992,30.7,1583,6,70,496,1110,333,1568,57,136,41.9,70,2,1231,5374,3288,213,39,71,79,84,1976,1310,66.3,367
430,Mohammed Salisu,GHA,DF,Southampton,22,1999,33.0,2244,300,1073,1090,206,34,2114,9,14,64.3,9,0,1211,7505,3499,111,18,0,8,17,1248,1214,97.3,5
431,Albert Sambi Lokonga,BEL,MF,Arsenal,21,1999,12.6,930,35,229,548,211,7,907,4,7,57.1,4,0,635,3861,2091,92,22,1,10,7,717,689,96.1,17
432,Davinson Sánchez,COL,DF,Tottenham,25,1996,18.1,1290,138,568,685,117,22,1263,3,5,60.0,4,0,834,4031,2250,103,22,0,3,10,923,896,97.1,5
433,Robert Sánchez,ESP,GK,Brighton,23,1997,37.0,1597,1263,1584,15,0,0,1290,0,0,,0,0,893,4107,2426,0,0,0,0,0,914,914,100.0,0
434,Jadon Sancho,ENG,"FW,MF",Manchester Utd,21,2000,21.1,1192,18,170,517,648,116,1164,48,83,57.8,50,15,940,6057,4126,210,74,52,37,38,1139,925,81.2,142
435,Morgan Sanson,FRA,MF,Aston Villa,26,1994,4.0,219,5,46,137,56,3,218,6,7,85.7,6,0,163,1064,546,27,7,1,5,11,162,139,85.8,7
436,Samir Santos,BRA,DF,Watford,26,1994,18.6,856,118,552,333,22,11,843,0,1,0.0,0,1,455,2214,1023,16,2,1,2,4,451,444,98.4,1
