,Player,Nation,Pos,Squad,Age,Born,90s,Total Cmp,Total Att,Total Cmp%,Total TotDist,Total PrgDist,Short Cmp,Short Att,Short Cmp%,Med Cmp,Med Att,Med Cmp%,Long Cmp,Long Att,Long Cmp%,Ast,xA,A-xA,KP,1/3,PPA,CrsPA,Prog
0,Max Aarons,eng ENG,DF,Norwich City,21,2000,32.0,1087,1440,75.5,18371,6874,560,622,90.0,419,544,77.0,98,217,45.2,2,1.4,+0.6,19,50,36,8,94
1,Che Adams,sct SCO,FW,Southampton,25,1996,22.7,337,484,69.6,5275,1087,187,240,77.9,101,135,74.8,30,53,56.6,3,2.6,+0.4,26,22,13,1,35
2,Rayan Aït Nouri,fr FRA,DF,Wolves,20,2001,20.3,754,1003,75.2,13088,4592,385,420,91.7,288,366,78.7,76,174,43.7,2,1.3,+0.7,17,29,15,9,49
3,Kristoffer Ajer,no NOR,DF,Brentford,23,1998,22.2,629,873,72.1,11601,5267,245,296,82.8,295,370,79.7,74,153,48.4,3,1.4,+1.6,6,48,10,1,75
4,Nathan Aké,nl NED,DF,Manchester City,26,1995,10.3,780,855,91.2,14444,4178,331,351,94.3,364,395,92.2,80,98,81.6,0,0.5,-0.5,2,53,3,0,31
5,Marc Albrighton,eng ENG,"FW,DF",Leicester City,31,1989,12.6,345,551,62.6,5530,2373,200,235,85.1,114,172,66.3,24,106,22.6,2,1.7,+0.3,12,21,11,5,32
6,Thiago Alcántara,es ESP,MF,Liverpool,30,1991,17.0,1325,1479,89.6,28007,7322,455,492,92.5,611,657,93.0,248,300,82.7,4,2.3,+1.7,28,199,22,1,175
7,Trent Alexander-Arnold,eng ENG,DF,Liverpool,22,1998,31.7,2013,2706,74.4,44509,18154,727,826,88.0,813,1010,80.5,451,786,57.4,12,11.2,+0.8,89,231,89,26,278
8,Alisson,br BRA,GK,Liverpool,28,1992,36.0,1178,1360,86.6,31704,17522,181,184,98.4,655,662,98.9,338,510,66.3,1,0.4,+0.6,2,13,0,0,0
9,Allan,br BRA,MF,Everton,30,1991,24.3,757,967,78.3,14541,4232,284,332,85.5,354,426,83.1,99,157,63.1,2,0.9,+1.1,15,100,19,2,106
10,Dele Alli,eng ENG,"MF,FW",Tottenham,25,1996,7.3,167,214,78.0,2687,651,94,108,87.0,56,69,81.2,14,27,51.9,0,0.8,-0.8,2,13,5,0,19
11,Dele Alli,eng ENG,MF,Everton,25,1996,3.8,114,152,75.0,1873,511,51,67,76.1,44,52,84.6,11,18,61.1,0,0.3,-0.3,7,10,4,1,12
12,Miguel Almirón,py PAR,"MF,FW",Newcastle Utd,27,1994,19.1,406,505,80.4,6222,1461,224,254,88.2,139,169,82.2,28,46,60.9,0,0.7,-0.7,16,22,9,2,38
13,Marcos Alonso,es ESP,DF,Chelsea,30,1990,24.1,1132,1456,77.7,19695,6764,556,629,88.4,448,532,84.2,108,235,46.0,4,4.6,-0.6,44,68,33,15,107
14,Steven Alzate,co COL,MF,Brighton,22,1998,4.5,207,234,88.5,3619,900,92,102,90.2,85,90,94.4,24,32,75.0,0,0.2,-0.2,3,17,3,1,17
15,Daniel Amartey,gh GHA,DF,Leicester City,26,1994,23.6,1353,1475,91.7,27707,7913,405,428,94.6,751,788,95.3,186,230,80.9,0,0.2,-0.2,3,55,0,0,59
16,Joachim Andersen,dk DEN,DF,Crystal Palace,25,1996,32.4,1813,2197,82.5,47245,14431,326,367,88.8,962,1034,93.0,518,779,66.5,3,1.8,+1.2,19,159,12,3,93
17,Michail Antonio,jm JAM,FW,West Ham,31,1990,33.0,466,708,65.8,7552,1461,256,333,76.9,145,213,68.1,45,84,53.6,8,6.6,+1.4,46,26,32,13,43
18,Cameron Archer,eng ENG,"MF,FW",Aston Villa,19,2001,0.3,5,5,100.0,91,28,1,1,100.0,4,4,100.0,0,0,,0,0.0,0.0,0,0,1,0,3
19,Alphonse Areola,fr FRA,GK,West Ham,28,1993,1.0,20,41,48.8,768,546,0,0,,9,9,100.0,11,32,34.4,0,0.0,0.0,0,0,0,0,0
20,Adam Armstrong,eng ENG,FW,Southampton,24,1997,15.7,223,315,70.8,3764,609,106,136,77.9,96,127,75.6,16,32,50.0,2,1.7,+0.3,12,14,13,0,26
21,Stuart Armstrong,sct SCO,MF,Southampton,29,1992,16.4,583,734,79.4,9335,2293,304,366,83.1,218,254,85.8,43,69,62.3,0,1.4,-1.4,25,39,24,5,68
22,Kepa Arrizabalaga,es ESP,GK,Chelsea,26,1994,4.0,115,139,82.7,2763,1294,28,28,100.0,59,59,100.0,27,51,52.9,0,0.0,0.0,0,1,0,0,0
23,Harrison Ashby,sct SCO,DF,West Ham,19,2001,0.1,7,8,87.5,142,18,2,2,100.0,4,5,80.0,1,1,100.0,0,0.0,0.0,0,0,0,0,0
24,Pierre-Emerick Aubameyang,ga GAB,FW,Arsenal,32,1989,11.5,145,205,70.7,2016,383,94,117,80.3,40,62,64.5,8,14,57.1,1,0.8,+0.2,9,4,10,1,13
25,Jordan Ayew,gh GHA,FW,Crystal Palace,29,1991,22.4,570,745,76.5,8666,1732,326,368,88.6,197,245,80.4,33,79,41.8,3,2.3,+0.7,21,29,15,5,48
26,Luke Ayling,eng ENG,DF,Leeds United,29,1991,25.2,1218,1558,78.2,25686,10984,440,500,88.0,554,648,85.5,214,366,58.5,2,0.8,+1.2,8,99,11,4,125
27,César Azpilicueta,es ESP,DF,Chelsea,31,1989,23.0,1442,1713,84.2,24337,9312,707,779,90.8,628,709,88.6,95,176,54.0,2,2.1,-0.1,18,107,20,3,124
28,Daniel Bachmann,at AUT,GK,Watford,27,1994,12.0,211,357,59.1,8151,5656,21,21,100.0,79,82,96.3,111,254,43.7,0,0.0,0.0,0,9,0,0,0
29,Leon Bailey,jm JAM,"FW,MF",Aston Villa,23,1997,8.5,149,224,66.5,2621,580,71,83,85.5,52,74,70.3,20,45,44.4,2,0.6,+1.4,8,4,11,3,20
30,Eric Bailly,ci CIV,DF,Manchester Utd,27,1994,2.4,64,80,80.0,1365,459,24,26,92.3,26,30,86.7,14,22,63.6,0,0.0,0.0,0,2,0,0,3
31,Folarin Balogun,eng ENG,FW,Arsenal,20,2001,0.8,4,8,50.0,60,6,2,4,50.0,2,3,66.7,0,1,0.0,0,0.0,0.0,0,0,0,0,0
32,Patrick Bamford,eng ENG,FW,Leeds United,27,1993,6.2,85,103,82.5,1349,211,48,53,90.6,26,31,83.9,9,13,69.2,2,1.0,+1.0,6,6,5,2,7
33,Shandon Baptiste,gd GRN,MF,Brentford,23,1998,10.1,255,306,83.3,4371,887,126,142,88.7,94,110,85.5,27,39,69.2,1,0.5,+0.5,9,22,6,1,21
34,Ross Barkley,eng ENG,MF,Chelsea,27,1993,2.0,105,127,82.7,1714,381,59,64,92.2,30,38,78.9,12,15,80.0,0,0.7,-0.7,8,6,7,0,11
35,Ashley Barnes,eng ENG,FW,Burnley,31,1989,9.0,130,199,65.3,1877,537,79,105,75.2,37,59,62.7,9,18,50.0,0,1.6,-1.6,10,18,5,2,19
36,Harvey Barnes,eng ENG,"FW,MF",Leicester City,23,1997,23.3,557,751,74.2,8019,2337,336,405,83.0,179,245,73.1,24,53,45.3,10,4.0,+6.0,29,28,28,2,74
37,Lewis Bate,eng ENG,MF,Leeds United,18,2002,1.6,41,54,75.9,556,138,26,32,81.3,10,12,83.3,2,5,40.0,0,0.0,0.0,0,2,0,0,4
38,Mads Bech Sørensen,dk DEN,DF,Brentford,22,1999,9.3,387,500,77.4,7991,3011,130,153,85.0,188,222,84.7,65,110,59.1,0,0.4,-0.4,7,21,4,3,15
39,Jan Bednarek,pl POL,DF,Southampton,25,1996,29.2,1185,1431,82.8,24493,7355,395,434,91.0,605,674,89.8,171,295,58.0,0,0.6,-0.6,6,75,1,1,51
40,Donny van de Beek,nl NED,MF,Manchester Utd,24,1997,0.8,25,32,78.1,385,184,14,18,77.8,8,10,80.0,2,2,100.0,0,0.5,-0.5,3,2,2,0,3
41,Donny van de Beek,nl NED,MF,Everton,24,1997,5.4,202,241,83.8,3132,897,104,118,88.1,80,88,90.9,10,23,43.5,0,0.1,-0.1,2,15,3,0,14
42,Asmir Begović,ba BIH,GK,Everton,34,1987,3.0,35,84,41.7,1599,1285,2,2,100.0,10,10,100.0,23,71,32.4,0,0.0,0.0,0,1,0,0,0
43,Saïd Benrahma,dz ALG,"FW,MF",West Ham,25,1995,24.1,625,831,75.2,9864,2270,369,428,86.2,191,252,75.8,47,94,50.0,6,3.2,+2.8,31,33,32,12,61
44,Rodrigo Bentancur,uy URU,MF,Tottenham,24,1997,15.1,905,1015,89.2,17316,3449,359,385,93.2,401,434,92.4,127,155,81.9,4,2.3,+1.7,15,81,7,2,68
45,Christian Benteke,be BEL,FW,Crystal Palace,30,1990,12.7,205,300,68.3,3169,582,117,158,74.1,60,96,62.5,19,27,70.4,1,1.1,-0.1,11,11,10,1,17
46,Jóhann Berg Guðmundsson,is ISL,MF,Burnley,30,1990,12.2,218,345,63.2,3487,903,134,165,81.2,58,89,65.2,22,63,34.9,1,0.3,+0.7,6,6,12,11,13
47,Steven Bergwijn,nl NED,"FW,MF",Tottenham,23,1997,6.3,148,178,83.1,2056,420,94,102,92.2,40,50,80.0,6,11,54.5,1,0.7,+0.3,8,8,10,0,15
48,Ryan Bertrand,eng ENG,DF,Leicester City,31,1989,3.7,154,191,80.6,2609,1077,75,81,92.6,65,78,83.3,9,18,50.0,0,0.3,-0.3,2,11,1,0,7
49,Mads Bidstrup,dk DEN,MF,Brentford,20,2001,0.5,8,11,72.7,142,17,5,6,83.3,2,4,50.0,1,1,100.0,0,0.0,0.0,0,0,0,0,0
50,Yves Bissouma,ml MLI,MF,Brighton,24,1996,23.5,1061,1183,89.7,19784,3639,456,499,91.4,452,486,93.0,139,170,81.8,2,0.8,+1.2,8,70,12,0,52
51,Willy Boly,ci CIV,DF,Wolves,30,1991,10.0,450,541,83.2,8974,3526,158,170,92.9,225,252,89.3,61,107,57.0,0,0.1,-0.1,1,17,0,0,15
52,Jarrod Bowen,eng ENG,FW,West Ham,24,1996,33.1,586,862,68.0,10912,2894,278,345,80.6,183,245,74.7,104,206,50.5,10,5.7,+4.3,42,28,27,5,53
53,Jarrad Branthwaite,eng ENG,DF,Everton,19,2002,4.3,85,116,73.3,1591,657,39,47,83.0,35,45,77.8,10,20,50.0,0,0.0,0.0,0,7,1,0,7
54,Armando Broja,al ALB,FW,Southampton,19,2001,21.9,250,404,61.9,3086,630,162,232,69.8,62,117,53.0,5,13,38.5,0,1.3,-1.3,8,19,2,0,18
55,Josh Brownhill,eng ENG,MF,Burnley,25,1995,32.8,900,1191,75.6,15616,4285,459,546,84.1,307,390,78.7,111,198,56.1,3,2.5,+0.5,40,77,21,1,92
56,Lewis Brunt,eng ENG,MF,Leicester City,20,2000,0.3,21,21,100.0,441,20,8,8,100.0,10,10,100.0,3,3,100.0,0,0.0,0.0,0,1,0,0,0
57,Bryan,es ESP,"FW,MF",Tottenham,20,2001,1.0,49,63,77.8,764,240,29,35,82.9,15,19,78.9,4,5,80.0,0,0.1,-0.1,2,1,3,2,2
58,Emi Buendía,ar ARG,"FW,MF",Aston Villa,24,1996,21.1,697,876,79.6,11280,3006,363,424,85.6,246,297,82.8,61,101,60.4,6,5.5,+0.5,45,63,41,3,108
59,Dan Burn,eng ENG,DF,Newcastle Utd,29,1992,16.0,460,574,80.1,9471,2564,136,162,84.0,250,285,87.7,65,109,59.6,1,0.1,+0.9,2,27,1,0,27
60,Dan Burn,eng ENG,DF,Brighton,29,1992,11.4,507,623,81.4,11085,2931,124,151,82.1,276,312,88.5,100,145,69.0,0,0.0,0.0,1,43,2,0,36
61,Jack Butland,eng ENG,GK,Crystal Palace,28,1993,8.5,205,279,73.5,5079,2568,56,56,100.0,103,105,98.1,45,117,38.5,0,0.0,0.0,0,2,0,0,0
62,Sam Byram,eng ENG,DF,Norwich City,27,1993,11.4,380,486,78.2,6385,2056,187,217,86.2,156,194,80.4,30,54,55.6,0,0.2,-0.2,4,13,4,0,25
63,Willy Caballero,ar ARG,GK,Southampton,39,1981,2.0,39,59,66.1,1548,1209,4,4,100.0,14,14,100.0,21,41,51.2,0,0.0,0.0,0,0,0,0,0
64,Moisés Caicedo,ec ECU,MF,Brighton,19,2001,7.3,224,274,81.8,3494,876,119,138,86.2,77,98,78.6,20,28,71.4,1,0.4,+0.6,5,14,3,0,21
65,Dominic Calvert-Lewin,eng ENG,FW,Everton,24,1997,14.3,180,292,61.6,2199,459,115,177,65.0,36,68,52.9,9,12,75.0,2,1.8,+0.2,12,10,5,0,12
66,Chem Campbell,wls WAL,MF,Wolves,18,2002,0.1,9,10,90.0,110,23,7,8,87.5,2,2,100.0,0,0,,0,0.0,0.0,0,0,0,0,0
67,João Cancelo,pt POR,DF,Manchester City,27,1994,35.9,2752,3282,83.9,49380,14430,1304,1412,92.4,1132,1306,86.7,297,482,61.6,7,5.1,+1.9,39,266,95,13,274
68,Sergi Canós,es ESP,DF,Brentford,24,1997,23.1,452,748,60.4,7966,3379,228,289,78.9,159,237,67.1,55,164,33.5,2,1.9,+0.1,17,44,26,10,77
69,Todd Cantwell,eng ENG,"FW,MF",Norwich City,23,1998,4.9,127,154,82.5,2078,457,61,70,87.1,50,60,83.3,11,16,68.8,0,0.2,-0.2,2,9,2,0,10
70,Matty Cash,pl POL,DF,Aston Villa,23,1997,37.5,1120,1586,70.6,20851,8091,482,556,86.7,477,604,79.0,139,361,38.5,3,1.9,+1.1,25,68,29,14,91
71,Timothy Castagne,be BEL,DF,Leicester City,25,1995,23.6,1068,1292,82.7,18149,6480,527,592,89.0,439,519,84.6,90,140,64.3,0,1.3,-1.3,14,65,14,6,69
72,Jonny Castro,es ESP,DF,Wolves,27,1994,11.4,506,600,84.3,8940,2616,231,260,88.8,213,244,87.3,53,71,74.6,0,1.2,-1.2,10,20,9,4,31
73,Craig Cathcart,nir NIR,DF,Watford,32,1989,26.6,742,917,80.9,17605,5044,176,199,88.4,393,451,87.1,169,253,66.8,1,0.3,+0.7,2,47,5,1,40
74,Edinson Cavani,uy URU,FW,Manchester Utd,34,1987,8.5,180,225,80.0,2736,344,111,128,86.7,50,67,74.6,11,19,57.9,1,1.4,-0.4,8,4,1,0,9
75,Kayky Chagas,br BRA,FW,Manchester City,18,2003,0.1,2,2,100.0,32,0,1,1,100.0,1,1,100.0,0,0,,0,0.0,0.0,0,0,0,0,0
76,Trevoh Chalobah,eng ENG,DF,Chelsea,22,1999,16.1,1138,1239,91.8,20653,5698,449,475,94.5,586,616,95.1,98,136,72.1,1,0.2,+0.8,3,103,6,0,54
77,Calum Chambers,eng ENG,DF,Arsenal,26,1995,1.9,81,98,82.7,1499,490,35,38,92.1,36,42,85.7,10,17,58.8,0,0.1,-0.1,1,5,1,1,9
78,Calum Chambers,eng ENG,DF,Aston Villa,26,1995,9.2,384,460,83.5,8361,2650,106,120,88.3,208,227,91.6,67,106,63.2,0,0.1,-0.1,2,33,5,0,24
79,Daniel Chesters,eng ENG,MF,West Ham,19,2002,0.0,0,0,,0,0,0,0,,0,0,,0,0,,0,0.0,0.0,0,0,0,0,0
80,Ben Chilwell,eng ENG,DF,Chelsea,24,1996,6.0,265,344,77.0,4218,1153,133,146,91.1,110,132,83.3,16,47,34.0,1,0.9,+0.1,10,7,6,1,13
81,Chiquinho,pt POR,"DF,MF",Wolves,21,2000,2.3,72,108,66.7,1251,478,43,53,81.1,17,29,58.6,11,18,61.1,3,0.6,+2.4,5,5,5,4,10
82,Hamza Choudhury,eng ENG,"DF,MF",Leicester City,23,1997,3.2,129,158,81.6,2277,536,62,70,88.6,47,57,82.5,17,24,70.8,0,0.0,0.0,0,2,0,0,5
83,Andreas Christensen,dk DEN,DF,Chelsea,25,1996,16.6,1166,1276,91.4,23812,6931,377,402,93.8,590,628,93.9,188,227,82.8,0,0.2,-0.2,5,94,7,1,69
84,Carney Chukwuemeka,eng ENG,"MF,FW",Aston Villa,17,2004,3.3,98,120,81.7,1461,245,50,60,83.3,40,44,90.9,5,7,71.4,1,1.0,0.0,2,2,0,0,3
85,Ciaran Clark,ie IRL,DF,Newcastle Utd,31,1989,11.3,276,348,79.3,5333,1582,90,103,87.4,149,169,88.2,32,66,48.5,1,0.3,+0.7,4,12,1,1,15
86,Tom Cleverley,eng ENG,MF,Watford,31,1989,18.0,461,626,73.6,7829,2352,227,263,86.3,163,205,79.5,53,127,41.7,2,2.0,0.0,19,41,11,4,43
87,Nathaniel Clyne,eng ENG,DF,Crystal Palace,30,1991,15.0,563,718,78.4,9677,3450,258,284,90.8,258,316,81.6,40,92,43.5,1,0.5,+0.5,6,24,9,4,22
88,Conor Coady,eng ENG,DF,Wolves,28,1993,37.3,1471,1632,90.1,36772,10454,216,233,92.7,853,889,96.0,394,492,80.1,0,0.0,0.0,2,50,4,0,44
89,Séamus Coleman,ie IRL,DF,Everton,32,1988,29.5,913,1237,73.8,16388,7499,428,488,87.7,370,497,74.4,105,218,48.2,0,1.1,-1.1,12,91,25,11,84
90,Nathan Collins,ie IRL,DF,Burnley,20,2001,18.6,463,642,72.1,10217,3911,133,171,77.8,226,273,82.8,95,181,52.5,0,0.9,-0.9,7,41,5,1,45
91,Aaron Connolly,ie IRL,FW,Brighton,21,2000,1.7,15,18,83.3,212,10,9,11,81.8,6,7,85.7,0,0,,0,0.4,-0.4,1,0,0,0,0
92,Liam Cooper,sct SCO,DF,Leeds United,29,1991,20.2,958,1123,85.3,20675,6397,254,283,89.8,542,581,93.3,152,238,63.9,1,0.1,+0.9,3,34,0,0,44
93,Jack Cork,eng ENG,MF,Burnley,32,1989,18.6,432,573,75.4,7724,1982,212,266,79.7,143,182,78.6,64,92,69.6,0,0.1,-0.1,5,43,7,2,39
94,Maxwel Cornet,ci CIV,"FW,MF",Burnley,24,1996,19.6,285,434,65.7,4210,978,160,218,73.4,80,107,74.8,22,61,36.1,1,1.5,-0.5,14,9,14,5,23
95,Hélder Costa,ao ANG,MF,Leeds United,27,1994,0.2,4,4,100.0,65,0,3,3,100.0,1,1,100.0,0,0,,0,0.0,0.0,0,0,0,0,0
96,Vladimír Coufal,cz CZE,DF,West Ham,28,1992,24.5,982,1417,69.3,16708,7662,465,549,84.7,419,572,73.3,80,230,34.8,4,2.4,+1.6,20,64,31,17,105
97,Philippe Coutinho,br BRA,"MF,FW",Aston Villa,29,1992,14.8,527,641,82.2,9021,2278,271,309,87.7,187,216,86.6,55,84,65.5,3,3.2,-0.2,25,68,13,3,60
98,Aaron Cresswell,eng ENG,DF,West Ham,31,1989,30.3,1641,2047,80.2,29789,12432,733,791,92.7,711,807,88.1,179,382,46.9,3,3.2,-0.2,35,127,24,8,155
99,Charlie Cresswell,eng ENG,DF,Leeds United,18,2002,1.6,72,96,75.0,1599,476,17,19,89.5,42,46,91.3,13,30,43.3,0,0.0,0.0,0,3,0,0,5
100,Cucho,co COL,"FW,MF",Watford,22,1999,12.7,254,394,64.5,4540,1604,126,164,76.8,80,115,69.6,39,80,48.8,2,1.9,+0.1,19,22,15,6,33
101,Marc Cucurella,es ESP,DF,Brighton,23,1998,34.3,1895,2322,81.6,31827,11389,937,1032,90.8,770,894,86.1,152,281,54.1,1,2.7,-1.7,43,133,52,23,175
102,Luke Cundle,eng ENG,MF,Wolves,19,2002,2.0,96,106,90.6,1825,298,33,35,94.3,46,51,90.2,13,15,86.7,0,0.2,-0.2,2,9,2,0,7
103,Patson Daka,zm ZAM,FW,Leicester City,22,1998,12.9,172,223,77.1,2498,360,106,126,84.1,53,68,77.9,8,10,80.0,3,1.8,+1.2,12,7,4,1,12
104,Stuart Dallas,nir NIR,"DF,MF",Leeds United,30,1991,32.4,1312,1666,78.8,23028,8378,659,724,91.0,482,577,83.5,145,287,50.5,1,2.4,-1.4,34,113,29,5,128
105,Diogo Dalot,pt POR,DF,Manchester Utd,22,1999,20.0,934,1171,79.8,18629,6793,363,418,86.8,430,508,84.6,137,222,61.7,0,1.0,-1.0,16,73,26,9,99
106,Karl Darlow,eng ENG,GK,Newcastle Utd,30,1990,8.0,152,253,60.1,6707,4585,15,15,100.0,41,42,97.6,96,195,49.2,0,0.0,0.0,0,10,0,0,0
107,Josh Dasilva,eng ENG,"MF,FW",Brentford,22,1998,2.9,71,88,80.7,1232,306,29,32,90.6,36,45,80.0,4,7,57.1,0,0.1,-0.1,2,6,4,1,7
108,Ben Davies,wls WAL,DF,Tottenham,28,1993,28.2,1375,1600,85.9,25844,8737,524,563,93.1,712,785,90.7,122,199,61.3,1,0.6,+0.4,8,124,14,0,117
109,Tom Davies,eng ENG,MF,Everton,23,1998,2.6,60,79,75.9,959,231,30,32,93.8,23,30,76.7,4,8,50.0,0,0.0,0.0,0,3,1,0,8
110,Keinan Davis,eng ENG,FW,Aston Villa,23,1998,0.1,3,3,100.0,49,30,1,1,100.0,2,2,100.0,0,0,,0,0.0,0.0,0,0,0,0,1
111,Craig Dawson,eng ENG,DF,West Ham,31,1990,30.6,1015,1234,82.3,23629,7149,288,316,91.1,472,522,90.4,247,375,65.9,2,0.5,+1.5,3,84,1,0,45
112,Kevin De Bruyne,be BEL,MF,Manchester City,30,1991,24.5,1172,1553,75.5,22303,6186,520,600,86.7,464,582,79.7,166,311,53.4,8,9.5,-1.5,88,132,67,9,157
113,Troy Deeney,eng ENG,FW,Watford,33,1988,0.3,3,6,50.0,38,16,2,4,50.0,1,1,100.0,0,0,,0,0.1,-0.1,1,1,0,0,1
114,Liam Delap,eng ENG,FW,Manchester City,18,2003,0.1,1,1,100.0,15,5,1,1,100.0,0,0,,0,0,,0,0.0,0.0,0,0,0,0,0
115,Fabian Delph,eng ENG,MF,Everton,31,1989,7.4,263,308,85.4,5253,1300,117,124,94.4,94,110,85.5,48,62,77.4,0,0.1,-0.1,3,33,2,0,26
116,Leander Dendoncker,be BEL,MF,Wolves,26,1995,21.7,709,812,87.3,12399,2333,323,368,87.8,295,322,91.6,73,88,83.0,2,1.0,+1.0,11,44,4,0,37
117,Emmanuel Dennis,ng NGA,"FW,MF",Watford,23,1997,28.7,431,633,68.1,6406,1891,255,329,77.5,125,180,69.4,32,56,57.1,6,3.2,+2.8,33,22,21,5,60
118,Kiernan Dewsbury Hall,eng ENG,MF,Leicester City,22,1998,23.4,941,1220,77.1,15939,4069,461,530,87.0,374,466,80.3,85,171,49.7,3,3.0,0.0,34,95,27,4,98
119,Ibrahima Diallo,fr FRA,MF,Southampton,22,1999,11.4,357,438,81.5,6245,1432,171,204,83.8,149,171,87.1,29,42,69.0,2,1.0,+1.0,15,41,2,1,29
120,Raphael Dias Belloli,br BRA,"FW,MF",Leeds United,24,1996,32.4,817,1281,63.8,15061,6139,386,471,82.0,281,404,69.6,117,310,37.7,3,6.8,-3.8,65,89,48,9,169
121,Rúben Dias,pt POR,DF,Manchester City,24,1997,26.7,2097,2224,94.3,45031,11468,566,594,95.3,1189,1224,97.1,336,389,86.4,4,2.4,+1.6,12,182,4,0,106
122,Luis Díaz,co COL,FW,Liverpool,24,1997,10.6,394,448,87.9,6196,1292,223,245,91.0,132,150,88.0,31,35,88.6,3,1.8,+1.2,16,18,22,3,41
123,Eric Dier,eng ENG,DF,Tottenham,27,1994,34.1,1969,2226,88.5,44250,14510,492,525,93.7,1110,1175,94.5,362,506,71.5,0,1.4,-1.4,8,95,9,1,93
124,Lucas Digne,fr FRA,DF,Aston Villa,28,1993,14.1,632,823,76.8,9970,4476,360,397,90.7,200,260,76.9,55,125,44.0,4,2.0,+2.0,29,29,24,16,56
125,Lucas Digne,fr FRA,DF,Everton,28,1993,13.0,487,678,71.8,8548,4277,219,262,83.6,211,268,78.7,42,104,40.4,0,1.7,-1.7,20,29,12,4,49
126,Virgil van Dijk,nl NED,DF,Liverpool,30,1991,34.0,2287,2520,90.8,51299,16562,601,649,92.6,1233,1288,95.7,442,564,78.4,1,0.4,+0.6,6,169,4,0,104
127,Issa Diop,fr FRA,DF,West Ham,24,1997,10.7,404,469,86.1,7678,2665,153,163,93.9,199,220,90.5,46,79,58.2,1,0.1,+0.9,1,16,0,0,15
128,Moussa Djenepo,ml MLI,MF,Southampton,23,1998,5.1,111,149,74.5,1706,705,66,77,85.7,33,45,73.3,10,17,58.8,0,0.2,-0.2,6,10,9,2,23
129,Lewis Dobbin,eng ENG,"FW,MF",Everton,18,2003,0.4,4,7,57.1,106,24,2,3,66.7,0,1,0.0,2,3,66.7,0,0.0,0.0,0,1,0,0,1
130,Matt Doherty,ie IRL,DF,Tottenham,29,1992,9.7,440,538,81.8,7428,1960,221,248,89.1,176,207,85.0,37,60,61.7,4,1.8,+2.2,14,20,11,4,36
131,Gabriel Dos Santos,br BRA,DF,Arsenal,23,1997,34.0,1796,2002,89.7,37056,10032,535,565,94.7,1002,1054,95.1,239,350,68.3,0,0.8,-0.8,8,111,1,0,83
132,Abdoulaye Doucouré,ml MLI,MF,Everton,28,1993,28.2,877,1095,80.1,14742,3154,429,500,85.8,349,419,83.3,74,112,66.1,4,2.2,+1.8,21,81,23,1,91
133,Kieran Dowell,eng ENG,"FW,MF",Norwich City,23,1997,10.1,235,342,68.7,3998,1155,124,152,81.6,76,100,76.0,27,66,40.9,1,2.0,-1.0,16,18,15,6,24
134,Cody Drameh,eng ENG,DF,Leeds United,19,2001,1.4,60,77,77.9,927,398,39,44,88.6,18,23,78.3,3,4,75.0,0,0.0,0.0,1,3,2,1,6
135,Martin Dúbravka,sk SVK,GK,Newcastle Utd,32,1989,26.0,535,845,63.3,20420,14076,69,69,100.0,195,198,98.5,268,575,46.6,0,0.1,-0.1,2,15,0,0,0
136,Shane Duffy,ie IRL,DF,Brighton,29,1992,16.0,894,1007,88.8,20678,5681,171,184,92.9,541,578,93.6,180,237,75.9,0,0.1,-0.1,3,55,2,0,35
137,Paul Dummett,wls WAL,DF,Newcastle Utd,29,1991,2.2,51,68,75.0,867,436,24,28,85.7,25,31,80.6,2,8,25.0,0,0.0,0.0,0,5,0,0,3
138,Lewis Dunk,eng ENG,DF,Brighton,29,1991,28.6,1676,1881,89.1,39331,10816,370,399,92.7,916,964,95.0,374,490,76.3,0,0.2,-0.2,2,85,2,1,54
139,Ederson,br BRA,GK,Manchester City,27,1993,37.0,976,1089,89.6,25570,14485,198,198,100.0,486,487,99.8,288,399,72.2,0,0.1,-0.1,1,10,1,0,1
140,Odsonne Édouard,fr FRA,FW,Crystal Palace,23,1998,17.4,315,435,72.4,4447,915,206,260,79.2,89,122,73.0,14,21,66.7,3,2.3,+0.7,19,20,13,1,36
141,CJ Egan-Riley,eng ENG,DF,Manchester City,18,2003,0.0,1,1,100.0,32,30,0,0,,0,0,,1,1,100.0,0,0.0,0.0,0,0,0,0,0
142,Anthony Elanga,se SWE,FW,Manchester Utd,19,2002,13.5,346,441,78.5,4650,1054,224,256,87.5,89,117,76.1,17,29,58.6,2,1.8,+0.2,8,13,5,3,15
143,Harvey Elliott,eng ENG,MF,Liverpool,18,2003,3.8,210,249,84.3,3611,958,107,119,89.9,83,95,87.4,19,25,76.0,0,0.5,-0.5,8,24,9,2,34
144,Mohamed Elneny,eg EGY,MF,Arsenal,29,1992,9.0,518,554,93.5,9189,2002,230,244,94.3,226,232,97.4,53,60,88.3,2,0.6,+1.4,9,53,2,0,24
145,Mohamed Elyounoussi,no NOR,"MF,FW",Southampton,26,1994,22.7,451,639,70.6,6805,1620,273,334,81.7,142,198,71.7,26,63,41.3,2,2.5,-0.5,29,38,21,2,49
146,Emerson,br BRA,DF,Tottenham,22,1999,25.4,1178,1441,81.7,19183,5304,637,709,89.8,436,516,84.5,89,147,60.5,1,2.1,-1.1,26,37,27,10,81
147,Christian Eriksen,dk DEN,MF,Brentford,29,1992,10.4,472,634,74.4,10893,3905,160,185,86.5,171,209,81.8,134,220,60.9,4,3.6,+0.4,32,75,18,8,65
148,Oghenekaro Etebo,ng NGA,MF,Watford,25,1995,4.5,141,157,89.8,3290,732,33,36,91.7,78,84,92.9,30,36,83.3,0,0.1,-0.1,2,11,3,1,12
149,Jonny Evans,nir NIR,DF,Leicester City,33,1988,15.0,812,976,83.2,17881,5664,191,217,88.0,489,531,92.1,128,220,58.2,1,0.6,+0.4,3,59,4,1,44
150,Eberechi Eze,eng ENG,"MF,FW",Crystal Palace,23,1998,6.7,234,305,76.7,4263,1088,108,126,85.7,88,106,83.0,33,58,56.9,1,0.9,+0.1,9,16,7,2,28
151,Łukasz Fabiański,pl POL,GK,West Ham,36,1985,37.0,636,1006,63.2,23248,15081,67,67,100.0,224,226,99.1,336,702,47.9,0,0.0,0.0,1,11,0,0,0
152,Fabinho,br BRA,MF,Liverpool,27,1993,25.7,1341,1522,88.1,24540,5539,552,611,90.3,630,686,91.8,137,180,76.1,1,1.4,-0.4,15,145,16,1,107
153,Kiko Femenía,es ESP,DF,Watford,30,1991,23.8,856,1196,71.6,14470,6826,439,496,88.5,346,468,73.9,62,190,32.6,5,3.2,+1.8,24,51,17,9,79
154,Evan Ferguson,ie IRL,MF,Brighton,16,2004,0.3,6,7,85.7,98,5,3,4,75.0,1,1,100.0,1,1,100.0,0,0.0,0.0,0,0,1,1,0
155,Nathan Ferguson,eng ENG,DF,Crystal Palace,20,2000,0.1,3,5,60.0,23,20,1,1,100.0,0,0,,0,2,0.0,0,0.0,0.0,0,0,0,0,0
156,Bruno Fernandes,pt POR,MF,Manchester Utd,26,1994,34.6,1524,2024,75.3,29671,8579,682,788,86.5,568,697,81.5,246,453,54.3,6,8.4,-2.4,88,155,85,15,196
157,Álvaro Fernández,es ESP,GK,Brentford,23,1998,12.0,322,500,64.4,9413,5300,64,66,97.0,147,150,98.0,110,283,38.9,0,0.0,0.0,0,10,0,0,1
158,Federico Fernández,ar ARG,DF,Newcastle Utd,32,1989,5.8,183,214,85.5,4199,1503,41,46,89.1,109,114,95.6,33,53,62.3,0,0.3,-0.3,1,12,0,0,8
159,Fernandinho,br BRA,"MF,DF",Manchester City,36,1985,10.7,730,806,90.6,14073,3643,284,303,93.7,338,358,94.4,97,129,75.2,1,0.9,+0.1,10,84,19,1,59
160,Roberto Firmino,br BRA,FW,Liverpool,29,1991,11.0,393,501,78.4,5872,1288,223,252,88.5,129,170,75.9,21,29,72.4,4,2.4,+1.6,18,27,11,1,35
161,Junior Firpo,es ESP,DF,Leeds United,24,1996,19.0,775,931,83.2,13329,4868,357,402,88.8,352,405,86.9,57,101,56.4,2,2.6,-0.6,24,60,18,7,74
162,Ashley Fletcher,eng ENG,FW,Watford,25,1995,0.3,3,9,33.3,74,28,0,6,0.0,2,2,100.0,1,1,100.0,0,0.0,0.0,0,2,0,0,1
163,Phil Foden,eng ENG,FW,Manchester City,21,2000,23.6,884,1096,80.7,14428,3061,502,553,90.8,285,339,84.1,80,153,52.3,5,6.6,-1.6,40,50,40,10,76
164,Wesley Fofana,fr FRA,DF,Leicester City,20,2000,7.0,452,504,89.7,9774,2380,108,115,93.9,255,274,93.1,84,104,80.8,0,0.0,0.0,2,24,0,0,15
165,Pablo Fornals,es ESP,"FW,MF",West Ham,25,1996,31.1,1036,1381,75.0,18935,6099,478,548,87.2,397,503,78.9,133,247,53.8,3,5.6,-2.6,47,108,53,11,162
166,Adam Forshaw,eng ENG,MF,Leeds United,29,1991,17.0,678,810,83.7,12610,3207,315,348,90.5,248,289,85.8,95,133,71.4,1,1.1,-0.1,13,59,8,0,61
167,Marcus Forss,fi FIN,"FW,MF",Brentford,22,1999,2.3,24,41,58.5,380,110,16,22,72.7,3,11,27.3,4,6,66.7,1,0.0,+1.0,0,4,1,0,5
168,Fraser Forster,eng ENG,GK,Southampton,33,1988,19.0,347,596,58.2,12274,7980,44,45,97.8,146,150,97.3,156,399,39.1,0,0.0,0.0,0,8,0,0,0
169,Ben Foster,eng ENG,GK,Watford,38,1983,26.0,417,869,48.0,18636,14154,23,24,95.8,123,127,96.9,271,718,37.7,1,0.2,+0.8,2,34,2,0,0
170,Tariqe Fosu,gh GHA,DF,Brentford,25,1995,0.2,6,8,75.0,110,13,2,2,100.0,3,4,75.0,1,2,50.0,0,0.0,0.0,0,0,0,0,1
171,Ryan Fraser,sct SCO,"FW,MF",Newcastle Utd,27,1994,16.3,333,478,69.7,5698,1783,177,209,84.7,107,157,68.2,40,92,43.5,3,2.2,+0.8,25,16,22,13,26
172,Fred,br BRA,MF,Manchester Utd,28,1993,22.5,1123,1320,85.1,21081,5259,478,542,88.2,478,537,89.0,147,185,79.5,4,2.0,+2.0,26,117,13,1,108
173,Ryan Fredericks,eng ENG,DF,West Ham,28,1992,3.4,114,147,77.6,1722,447,65,73,89.0,45,57,78.9,3,10,30.0,0,0.1,-0.1,2,2,2,1,4
174,Leo Fuhr Hjelde,no NOR,DF,Leeds United,17,2003,1.7,84,111,75.7,1317,504,47,55,85.5,30,35,85.7,6,14,42.9,0,0.0,0.0,1,4,0,0,5
175,Conor Gallagher,eng ENG,MF,Crystal Palace,21,2000,31.6,890,1167,76.3,16238,4060,407,468,87.0,339,418,81.1,118,223,52.9,3,3.5,-0.5,35,77,22,9,62
176,Alejandro Garnacho,es ESP,FW,Manchester Utd,17,2004,0.1,3,3,100.0,25,4,3,3,100.0,0,0,,0,0,,0,0.0,0.0,0,0,0,0,0
177,Dwight Gayle,eng ENG,FW,Newcastle Utd,30,1990,0.4,11,13,84.6,108,16,9,10,90.0,1,1,100.0,0,0,,0,0.5,-0.5,2,0,0,0,1
178,Jean-Philippe Gbamin,ci CIV,MF,Everton,25,1995,0.7,16,21,76.2,224,20,12,14,85.7,3,5,60.0,1,2,50.0,0,0.0,0.0,0,0,0,0,0
179,David de Gea,es ESP,GK,Manchester Utd,30,1990,38.0,646,911,70.9,18313,10583,124,125,99.2,292,300,97.3,225,479,47.0,0,0.0,0.0,0,1,0,0,0
180,Joe Gelhardt,eng ENG,"FW,MF",Leeds United,19,2002,8.3,105,156,67.3,1407,396,57,81,70.4,36,49,73.5,3,10,30.0,2,1.5,+0.5,9,5,11,1,17
181,Anwar El Ghazi,nl NED,"FW,MF",Aston Villa,26,1995,4.3,82,115,71.3,1262,370,50,58,86.2,26,41,63.4,5,8,62.5,1,0.4,+0.6,4,1,6,4,7
182,Anwar El Ghazi,nl NED,FW,Everton,26,1995,0.1,8,9,88.9,92,33,7,8,87.5,0,0,,1,1,100.0,0,0.0,0.0,0,0,0,0,0
183,Saman Ghoddos,ir IRN,"DF,MF",Brentford,27,1993,6.0,149,221,67.4,2633,840,77,106,72.6,47,64,73.4,21,40,52.5,1,1.2,-0.2,6,12,10,2,19
184,Dimitris Giannoulis,gr GRE,DF,Norwich City,25,1995,13.0,519,705,73.6,8685,3552,251,293,85.7,227,283,80.2,34,104,32.7,1,0.5,+0.5,8,20,13,1,43
185,Morgan Gibbs-White,eng ENG,"FW,MF",Wolves,21,2000,0.1,7,10,70.0,74,28,5,6,83.3,1,1,100.0,0,1,0.0,0,0.0,0.0,0,1,0,0,1
186,Ben Gibson,eng ENG,DF,Norwich City,28,1993,27.7,1065,1303,81.7,24894,9439,257,280,91.8,569,626,90.9,233,377,61.8,0,0.0,0.0,2,83,9,0,78
187,Billy Gilmour,sct SCO,MF,Norwich City,20,2001,20.6,958,1200,79.8,20591,5428,344,384,89.6,387,439,88.2,208,338,61.5,1,2.0,-1.0,25,86,17,1,93
188,Ben Godfrey,eng ENG,DF,Everton,23,1998,22.5,605,788,76.8,11557,3925,216,257,84.0,307,380,80.8,70,122,57.4,0,0.7,-0.7,13,43,13,7,39
189,André Gomes,pt POR,MF,Everton,28,1993,6.9,213,279,76.3,3907,1130,94,112,83.9,85,100,85.0,27,48,56.3,1,0.2,+0.8,4,27,4,0,21
190,Toti Gomes,pt POR,DF,Wolves,22,1999,4.0,142,191,74.3,2595,977,57,67,85.1,67,80,83.8,15,40,37.5,0,0.0,0.0,0,10,0,0,10
191,Joe Gomez,eng ENG,DF,Liverpool,24,1997,3.7,228,286,79.7,4481,1280,86,98,87.8,105,132,79.5,33,49,67.3,1,0.5,+0.5,3,22,4,2,28
192,Charlie Goode,eng ENG,DF,Brentford,25,1995,5.0,190,300,63.3,4717,1455,35,53,66.0,97,140,69.3,57,99,57.6,0,0.3,-0.3,7,16,2,1,12
193,Anthony Gordon,eng ENG,"MF,FW",Everton,20,2001,25.4,503,754,66.7,8074,2353,271,340,79.7,165,220,75.0,45,132,34.1,2,3.3,-1.3,34,23,22,10,55
194,Kaide Gordon,eng ENG,FW,Liverpool,16,2004,0.1,4,4,100.0,50,0,2,2,100.0,0,0,,1,1,100.0,0,0.0,0.0,0,0,0,0,0
195,Dan Gosling,eng ENG,MF,Watford,31,1990,1.8,57,67,85.1,982,190,32,33,97.0,19,22,86.4,5,8,62.5,0,0.0,0.0,1,3,0,0,4
196,Demarai Gray,eng ENG,"MF,FW",Everton,25,1996,26.0,544,757,71.9,10219,2375,242,284,85.2,201,249,80.7,80,164,48.8,4,4.3,-0.3,41,23,25,7,45
197,Jack Grealish,eng ENG,FW,Manchester City,25,1995,21.3,830,960,86.5,12113,2309,499,546,91.4,261,290,90.0,45,59,76.3,3,6.3,-3.3,54,25,41,3,82
198,Mason Greenwood,eng ENG,"FW,MF",Manchester Utd,19,2001,14.1,397,504,78.8,7344,1629,185,214,86.4,164,195,84.1,43,75,57.3,1,1.6,-0.6,15,26,13,3,36
199,Sam Greenwood,eng ENG,"MF,FW",Leeds United,19,2002,2.6,60,85,70.6,1012,212,24,30,80.0,23,27,85.2,7,18,38.9,2,0.7,+1.3,4,5,1,0,8
200,Pascal Groß,de GER,"MF,DF",Brighton,30,1991,22.6,984,1315,74.8,19467,5768,410,468,87.6,395,475,83.2,167,319,52.4,4,5.3,-1.3,60,81,35,12,103
201,Vicente Guaita,es ESP,GK,Crystal Palace,34,1987,29.5,763,972,78.5,20316,10376,197,198,99.5,325,328,99.1,229,434,52.8,0,0.0,0.0,0,2,0,0,0
202,Marc Guéhi,eng ENG,DF,Crystal Palace,21,2000,35.8,1988,2273,87.5,43238,14169,522,561,93.0,1156,1239,93.3,297,448,66.3,1,0.5,+0.5,5,121,2,0,99
203,Bruno Guimarães,br BRA,MF,Newcastle Utd,23,1997,11.5,441,511,86.3,8515,1868,189,206,91.7,168,187,89.8,73,89,82.0,1,1.8,-0.8,13,41,14,4,34
204,İlkay Gündoğan,de GER,MF,Manchester City,30,1990,20.6,1160,1325,87.5,20357,4001,586,622,94.2,410,454,90.3,140,196,71.4,4,4.2,-0.2,37,78,27,2,84
205,Angus Gunn,eng ENG,GK,Norwich City,25,1996,9.0,197,298,66.1,6056,3178,47,48,97.9,66,67,98.5,83,181,45.9,0,0.0,0.0,0,1,0,0,0
206,Grant Hanley,sct SCO,DF,Norwich City,29,1991,32.2,1053,1243,84.7,22939,5649,279,317,88.0,554,601,92.2,203,297,68.4,0,0.3,-0.3,4,27,2,0,29
207,Jack Harrison,eng ENG,"FW,MF",Leeds United,24,1996,29.3,665,1019,65.3,10573,3817,378,473,79.9,211,316,66.8,55,143,38.5,1,2.6,-1.6,41,49,44,11,106
208,Kortney Hause,eng ENG,DF,Aston Villa,26,1995,4.4,162,206,78.6,3509,992,53,58,91.4,75,90,83.3,33,54,61.1,0,0.0,0.0,0,8,0,0,6
209,Kai Havertz,de GER,"FW,MF",Chelsea,22,1999,20.1,546,669,81.6,7476,1315,344,390,88.2,139,179,77.7,29,34,85.3,3,2.0,+1.0,20,27,18,1,46
210,Isaac Hayden,eng ENG,"MF,DF",Newcastle Utd,26,1995,11.1,255,318,80.2,4657,912,111,130,85.4,114,134,85.1,28,41,68.3,0,0.1,-0.1,2,19,1,1,9
211,Hwang Hee-chan,kr KOR,"FW,MF",Wolves,25,1996,20.2,509,626,81.3,8382,1465,274,323,84.8,178,208,85.6,46,63,73.0,1,1.7,-0.7,16,27,14,0,41
212,Jordan Henderson,eng ENG,MF,Liverpool,31,1990,28.9,1846,2202,83.8,35046,8229,760,839,90.6,811,930,87.2,243,348,69.8,5,3.8,+1.2,38,187,53,13,176
213,Jeff Hendrick,ie IRL,MF,Newcastle Utd,29,1992,0.8,24,27,88.9,452,30,10,11,90.9,11,11,100.0,3,4,75.0,0,0.0,0.0,1,2,0,0,1
214,Wayne Hennessey,wls WAL,GK,Burnley,34,1987,2.0,40,80,50.0,2119,1850,1,1,100.0,8,8,100.0,31,71,43.7,0,0.1,-0.1,3,5,0,0,0
215,Rico Henry,eng ENG,DF,Brentford,24,1997,30.8,868,1202,72.2,14321,4831,432,511,84.5,340,443,76.7,77,166,46.4,0,1.7,-1.7,18,50,25,13,78
216,Son Heung-min,kr KOR,"FW,MF",Tottenham,29,1992,33.4,933,1223,76.3,14512,3532,530,588,90.1,298,360,82.8,77,205,37.6,7,8.1,-1.1,71,35,45,4,76
217,Ki-Jana Hoever,nl NED,DF,Wolves,19,2002,3.4,113,159,71.1,1953,647,51,62,82.3,52,72,72.2,8,14,57.1,0,0.0,0.0,1,4,2,1,8
218,Rob Holding,eng ENG,DF,Arsenal,25,1995,9.4,418,474,88.2,8635,2113,118,129,91.5,239,253,94.5,57,84,67.9,0,0.0,0.0,0,17,0,0,14
219,Mason Holgate,eng ENG,DF,Everton,24,1996,23.7,564,803,70.2,13333,4394,147,181,81.2,271,344,78.8,137,260,52.7,1,0.1,+0.9,2,40,2,0,38
220,Callum Hudson-Odoi,eng ENG,"FW,MF",Chelsea,20,2000,10.7,313,393,79.6,4959,1083,173,201,86.1,108,132,81.8,22,41,53.7,2,2.3,-0.3,24,9,20,5,31
221,Will Hughes,eng ENG,MF,Crystal Palace,26,1995,11.7,428,523,81.8,7907,1751,184,210,87.6,186,205,90.7,50,87,57.5,1,0.7,+0.3,8,31,7,3,24
222,Pierre Højbjerg,dk DEN,MF,Tottenham,25,1995,35.5,2222,2485,89.4,42901,11016,885,956,92.6,1010,1095,92.2,296,384,77.1,2,2.5,-0.5,30,227,35,4,203
223,Adam Idah,ie IRL,"FW,MF",Norwich City,20,2001,6.9,96,142,67.6,1650,322,44,66,66.7,40,50,80.0,8,12,66.7,1,0.6,+0.4,4,7,4,2,7
224,Kelechi Iheanacho,ng NGA,FW,Leicester City,24,1996,14.0,271,352,77.0,3929,819,153,183,83.6,89,107,83.2,15,31,48.4,5,2.7,+2.3,17,16,14,2,32
225,Danny Ings,eng ENG,FW,Aston Villa,29,1992,21.1,258,380,67.9,3596,892,164,211,77.7,58,91,63.7,19,38,50.0,6,2.0,+4.0,16,14,14,3,27
226,Tim Iroegbunam,eng ENG,MF,Aston Villa,18,2003,1.0,21,25,84.0,339,142,11,14,78.6,9,10,90.0,1,1,100.0,0,0.0,0.0,0,2,0,0,4
227,Alex Iwobi,ng NGA,"MF,DF",Everton,25,1996,22.6,606,785,77.2,10137,3650,314,357,88.0,203,259,78.4,65,119,54.6,2,2.8,-0.8,35,58,38,12,79
228,Daniel James,wls WAL,FW,Manchester Utd,23,1997,1.4,22,32,68.8,233,36,18,24,75.0,3,5,60.0,0,1,0.0,0,0.0,0.0,1,0,0,0,0
229,Daniel James,wls WAL,"FW,MF",Leeds United,23,1997,26.3,330,508,65.0,4978,1367,173,226,76.5,116,173,67.1,23,56,41.1,4,2.4,+1.6,23,18,20,1,49
230,Reece James,eng ENG,DF,Chelsea,21,1999,20.7,1442,1667,86.5,24467,6328,717,768,93.4,571,646,88.4,133,192,69.3,9,5.7,+3.3,47,74,49,13,120
231,Vitaly Janelt,de GER,MF,Brentford,23,1998,25.5,768,997,77.0,14522,4409,293,354,82.8,352,426,82.6,96,168,57.1,0,2.2,-2.2,20,77,19,3,96
232,Pontus Jansson,se SWE,DF,Brentford,30,1991,36.9,1188,1449,82.0,25071,6720,330,389,84.8,669,767,87.2,181,268,67.5,1,0.5,+0.5,4,35,0,0,53
233,Mathias Jensen,dk DEN,MF,Brentford,25,1996,17.8,558,771,72.4,12401,3761,215,249,86.3,199,255,78.0,141,245,57.6,1,3.6,-2.6,37,67,26,12,69
234,Gabriel Jesus,br BRA,FW,Manchester City,24,1997,20.9,638,758,84.2,9337,1636,356,397,89.7,226,267,84.6,28,40,70.0,8,5.4,+2.6,35,18,31,6,53
235,Raúl Jiménez,mx MEX,FW,Wolves,30,1991,29.2,557,779,71.5,8584,1779,334,430,77.7,156,205,76.1,45,78,57.7,4,2.7,+1.3,33,38,18,4,50
236,Joelinton,br BRA,"MF,FW",Newcastle Utd,24,1996,28.4,745,941,79.2,11393,2869,415,493,84.2,250,311,80.4,51,73,69.9,1,1.8,-0.8,28,53,19,4,67
237,Ben Johnson,eng ENG,DF,West Ham,21,2000,15.5,528,758,69.7,10338,4128,220,252,87.3,217,296,73.3,80,168,47.6,0,0.8,-0.8,9,43,18,13,50
238,Curtis Jones,eng ENG,MF,Liverpool,20,2001,9.5,534,591,90.4,9150,1854,264,277,95.3,215,231,93.1,50,68,73.5,1,0.6,+0.4,9,45,10,0,35
239,Phil Jones,eng ENG,DF,Manchester Utd,29,1992,1.8,71,79,89.9,1401,383,22,24,91.7,42,44,95.5,6,8,75.0,0,0.0,0.0,1,7,0,0,5
240,Jorginho,it ITA,MF,Chelsea,29,1991,25.3,1664,1856,89.7,29444,7066,731,790,92.5,762,823,92.6,144,201,71.6,2,2.8,-0.8,25,160,35,0,140
241,Diogo Jota,pt POR,FW,Liverpool,24,1996,26.3,568,771,73.7,9120,2092,284,357,79.6,225,280,80.4,40,69,58.0,4,5.5,-1.5,37,50,31,2,71
242,James Justin,eng ENG,DF,Leicester City,23,1998,11.1,524,653,80.2,8398,2936,265,288,92.0,209,249,83.9,35,79,44.3,0,1.0,-1.0,9,26,9,3,40
243,Mathias Jørgensen,dk DEN,DF,Brentford,31,1990,5.8,247,332,74.4,4847,2153,93,105,88.6,119,156,76.3,32,62,51.6,0,0.1,-0.1,2,15,3,3,17
244,Ozan Kabak,tr TUR,DF,Norwich City,21,2000,10.2,341,414,82.4,7111,2287,92,112,82.1,197,216,91.2,45,71,63.4,0,0.0,0.0,2,17,0,0,18
245,Christian Kabasele,be BEL,DF,Watford,30,1991,13.3,360,456,78.9,8264,2627,64,84,76.2,220,249,88.4,71,114,62.3,0,0.0,0.0,1,16,2,1,25
246,Samuel Kalu,ng NGA,FW,Watford,23,1997,2.5,54,65,83.1,804,194,35,36,97.2,12,16,75.0,5,11,45.5,0,0.2,-0.2,1,2,2,0,7
247,Hassane Kamara,ci CIV,DF,Watford,27,1994,18.0,636,905,70.3,10963,5092,289,342,84.5,286,368,77.7,48,142,33.8,0,0.4,-0.4,9,34,9,4,47
248,Harry Kane,eng ENG,FW,Tottenham,28,1993,35.9,659,952,69.2,13093,4065,287,372,77.2,234,314,74.5,120,189,63.5,9,9.0,0.0,49,91,41,8,117
249,N'Golo Kanté,fr FRA,MF,Chelsea,30,1991,19.7,1117,1282,87.1,18459,4685,569,629,90.5,437,495,88.3,87,111,78.4,4,2.3,+1.7,23,101,30,0,117
250,Edo Kayembe,cd COD,MF,Watford,22,1998,8.9,365,428,85.3,7407,1788,144,158,91.1,151,169,89.3,67,85,78.8,0,0.3,-0.3,6,29,3,0,34
251,Moise Kean,it ITA,FW,Everton,21,2000,0.0,1,1,100.0,17,0,0,0,,1,1,100.0,0,0,,0,0.0,0.0,0,0,0,0,0
252,Michael Keane,eng ENG,DF,Everton,28,1993,31.0,896,1154,77.6,21069,7053,264,311,84.9,402,473,85.0,221,350,63.1,2,0.6,+1.4,4,76,5,0,73
253,Naby Keïta,gn GUI,MF,Liverpool,26,1995,13.0,651,759,85.8,10374,2763,331,364,90.9,256,290,88.3,40,57,70.2,1,1.6,-0.6,16,61,22,0,78
254,Caoimhín Kelleher,ie IRL,GK,Liverpool,22,1998,2.0,81,90,90.0,1869,742,17,17,100.0,50,50,100.0,14,23,60.9,0,0.0,0.0,0,0,0,0,0
255,Kenedy,br BRA,DF,Chelsea,25,1996,0.6,38,49,77.6,637,193,17,21,81.0,18,20,90.0,2,5,40.0,1,0.9,+0.1,2,1,4,0,7
256,Jonjoe Kenny,eng ENG,DF,Everton,24,1997,11.3,352,473,74.4,6446,2833,166,183,90.7,139,188,73.9,44,85,51.8,1,0.5,+0.5,11,31,9,6,31
257,Max Kilman,eng ENG,DF,Wolves,24,1997,29.9,1279,1476,86.7,26905,9568,410,449,91.3,655,711,92.1,206,297,69.4,0,0.0,0.0,2,90,3,0,92
258,Joshua King,no NOR,FW,Watford,29,1992,25.0,387,524,73.9,5865,1126,210,261,80.5,146,200,73.0,19,28,67.9,3,3.2,-0.2,35,26,13,2,30
259,Kristoffer Klaesson,no NOR,GK,Leeds United,20,2000,0.4,9,11,81.8,250,164,2,2,100.0,3,3,100.0,4,6,66.7,0,0.0,0.0,0,0,0,0,0
260,Mateusz Klich,pl POL,MF,Leeds United,31,1990,23.0,786,1004,78.3,12287,3652,427,482,88.6,264,331,79.8,57,121,47.1,2,2.2,-0.2,30,69,25,3,93
261,Robin Koch,de GER,"MF,DF",Leeds United,25,1996,17.5,531,681,78.0,10668,3199,175,214,81.8,266,316,84.2,79,121,65.3,0,0.5,-0.5,6,33,6,0,37
262,Sead Kolašinac,ba BIH,DF,Arsenal,28,1993,1.0,10,13,76.9,167,64,4,4,100.0,5,8,62.5,1,1,100.0,0,0.0,0.0,0,1,0,0,0
263,Ibrahima Konaté,fr FRA,DF,Liverpool,22,1999,11.0,655,728,90.0,13686,4843,171,186,91.9,386,407,94.8,91,120,75.8,0,0.1,-0.1,1,50,5,0,48
264,Ezri Konsa,eng ENG,DF,Aston Villa,23,1997,27.5,850,971,87.5,16866,5122,261,286,91.3,464,497,93.4,111,166,66.9,0,0.3,-0.3,4,26,0,0,33
265,Cheikhou Kouyaté,sn SEN,MF,Crystal Palace,31,1989,21.9,657,789,83.3,11232,2837,297,346,85.8,278,327,85.0,61,86,70.9,1,0.7,+0.3,4,40,3,1,43
266,Mateo Kovačić,hr CRO,MF,Chelsea,27,1994,17.3,1065,1193,89.3,19713,4484,451,488,92.4,468,509,91.9,127,166,76.5,5,3.6,+1.4,26,120,26,1,113
267,Emil Krafth,se SWE,DF,Newcastle Utd,26,1994,18.2,555,760,73.0,9088,4137,272,308,88.3,212,292,72.6,48,110,43.6,1,0.8,+0.2,5,40,8,1,53
268,Alex Král,cz CZE,MF,West Ham,23,1998,0.0,0,2,0.0,0,0,0,1,0.0,0,1,0.0,0,0,,0,0.0,0.0,0,0,0,0,0
269,Tim Krul,nl NED,GK,Norwich City,33,1988,29.0,730,1057,69.1,23374,13073,90,92,97.8,309,313,98.7,329,649,50.7,0,0.4,-0.4,2,6,1,0,1
270,Juraj Kucka,sk SVK,MF,Watford,34,1987,21.3,488,697,70.0,8569,2583,243,305,79.7,173,240,72.1,57,108,52.8,1,0.9,+0.1,10,36,8,2,57
271,Dejan Kulusevski,se SWE,"MF,FW",Tottenham,21,2000,14.0,389,464,83.8,5908,1278,225,243,92.6,139,164,84.8,18,30,60.0,8,3.5,+4.5,26,19,24,7,37
272,Alexandre Lacazette,fr FRA,"FW,MF",Arsenal,30,1991,19.8,350,456,76.8,4810,993,217,266,81.6,87,119,73.1,21,32,65.6,7,1.9,+5.1,24,30,20,1,37
273,Adam Lallana,eng ENG,MF,Brighton,33,1988,17.3,828,947,87.4,13036,2768,453,496,91.3,303,332,91.3,52,78,66.7,1,0.7,+0.3,8,61,18,0,59
274,Tariq Lamptey,eng ENG,"DF,FW",Brighton,20,2000,17.3,607,787,77.1,9156,2089,340,387,87.9,225,283,79.5,27,67,40.3,2,2.2,-0.2,21,18,21,14,43
275,Manuel Lanzini,ar ARG,"MF,FW",West Ham,28,1993,19.8,1103,1217,90.6,17841,4249,583,613,95.1,402,443,90.7,91,120,75.8,3,2.2,+0.8,23,85,24,2,86
276,Aymeric Laporte,es ESP,DF,Manchester City,27,1994,31.4,2703,2853,94.7,58451,16557,757,788,96.1,1450,1497,96.9,482,549,87.8,0,0.5,-0.5,9,316,11,1,198
277,Jamaal Lascelles,eng ENG,DF,Newcastle Utd,27,1993,22.9,508,667,76.2,10831,3131,125,164,76.2,298,350,85.1,75,136,55.1,0,0.3,-0.3,2,18,2,0,22
278,Pierre Lees-Melou,fr FRA,MF,Norwich City,28,1993,25.2,817,1033,79.1,16023,4458,370,427,86.7,284,333,85.3,144,219,65.8,0,1.8,-1.8,25,81,28,9,99
279,Aaron Lennon,eng ENG,MF,Burnley,34,1987,17.2,254,384,66.1,3762,862,159,199,79.9,73,106,68.9,17,45,37.8,0,0.5,-0.5,10,9,5,2,17
280,Bernd Leno,de GER,GK,Arsenal,29,1992,4.0,72,111,64.9,2043,1251,20,20,100.0,24,24,100.0,26,65,40.0,0,0.0,0.0,0,1,0,0,0
281,Jamal Lewis,nir NIR,DF,Newcastle Utd,23,1998,2.9,81,103,78.6,1454,521,35,39,89.7,31,38,81.6,13,22,59.1,0,0.0,0.0,1,4,0,0,4
282,Victor Lindelöf,se SWE,DF,Manchester Utd,27,1994,26.2,1164,1295,89.9,24598,7163,344,368,93.5,627,664,94.4,182,241,75.5,2,0.5,+1.5,3,73,8,0,59
283,Jesse Lingard,eng ENG,"FW,MF",Manchester Utd,28,1992,4.1,132,155,85.2,1872,481,74,79,93.7,40,49,81.6,8,13,61.5,0,0.4,-0.4,8,15,3,0,9
284,Valentino Livramento,eng ENG,DF,Southampton,18,2002,24.5,883,1155,76.5,14457,5498,486,546,89.0,318,427,74.5,70,140,50.0,1,2.3,-1.3,19,40,24,10,80
285,Diego Llorente,es ESP,DF,Leeds United,27,1993,26.0,1108,1344,82.4,24633,7293,251,287,87.5,652,718,90.8,193,305,63.3,0,0.1,-0.1,2,69,5,0,70
286,Hugo Lloris,fr FRA,GK,Tottenham,34,1986,38.0,746,943,79.1,20372,11588,197,199,99.0,290,293,99.0,249,441,56.5,0,0.5,-0.5,3,16,0,0,0
287,Giovani Lo Celso,ar ARG,"MF,FW",Tottenham,25,1996,2.6,117,148,79.1,1855,340,63,69,91.3,28,36,77.8,16,22,72.7,0,0.6,-0.6,5,14,1,0,6
288,Jürgen Locadia,nl NED,FW,Brighton,27,1993,0.3,2,3,66.7,43,0,0,0,,2,2,100.0,0,0,,0,0.0,0.0,0,0,0,0,0
289,Ruben Loftus-Cheek,eng ENG,"MF,DF",Chelsea,25,1996,15.5,877,968,90.6,15040,3092,402,430,93.5,392,429,91.4,68,81,84.0,2,1.9,+0.1,16,71,20,0,79
290,Kevin Long,ie IRL,DF,Burnley,30,1990,4.6,80,98,81.6,1912,599,20,23,87.0,39,44,88.6,21,28,75.0,0,0.0,0.0,0,1,0,0,1
291,Shane Long,ie IRL,FW,Southampton,34,1987,3.4,46,75,61.3,492,127,34,53,64.2,8,13,61.5,0,1,0.0,0,0.1,-0.1,2,3,2,0,7
292,Sean Longstaff,eng ENG,MF,Newcastle Utd,23,1997,16.3,491,606,81.0,9524,2351,203,238,85.3,191,218,87.6,77,116,66.4,1,0.7,+0.3,6,40,4,0,37
293,Ademola Lookman,ng NGA,"FW,MF",Leicester City,23,1997,16.1,418,536,78.0,5738,1512,266,305,87.2,121,155,78.1,16,33,48.5,0,1.9,-1.9,22,23,22,4,49
294,Jonas Lössl,dk DEN,GK,Brentford,32,1989,2.0,44,62,71.0,1361,781,7,7,100.0,17,17,100.0,19,37,51.4,0,0.0,0.0,0,2,0,0,1
295,Imran Louza,ma MAR,MF,Watford,22,1999,15.7,536,716,74.9,10967,3325,204,244,83.6,227,270,84.1,97,182,53.3,0,1.0,-1.0,17,60,7,1,53
296,Matthew Lowton,eng ENG,DF,Burnley,32,1989,19.7,598,871,68.7,11984,5696,287,325,88.3,196,268,73.1,109,242,45.0,2,1.3,+0.7,14,61,21,8,80
297,Douglas Luiz,br BRA,MF,Aston Villa,23,1998,30.2,1246,1495,83.3,23908,6485,493,549,89.8,541,613,88.3,186,289,64.4,3,2.5,+0.5,36,88,20,2,101
298,Romelu Lukaku,be BEL,FW,Chelsea,28,1993,17.7,234,320,73.1,2993,430,151,185,81.6,56,82,68.3,10,17,58.8,0,3.0,-3.0,21,7,9,0,16
299,Lyanco,br BRA,DF,Southampton,24,1997,10.1,277,369,75.1,6108,2109,75,84,89.3,152,173,87.9,48,106,45.3,0,0.1,-0.1,3,22,2,0,19
300,Alexis Mac Allister,ar ARG,"MF,FW",Brighton,22,1998,23.6,874,1079,81.0,16435,4290,393,456,86.2,343,381,90.0,123,194,63.4,2,1.5,+0.5,27,99,28,3,109
301,James Maddison,eng ENG,"MF,FW",Leicester City,24,1996,27.3,777,1075,72.3,14931,4401,329,392,83.9,316,387,81.7,119,249,47.8,8,4.8,+3.2,43,79,35,5,104
302,Harry Maguire,eng ENG,DF,Manchester Utd,28,1993,27.9,1320,1512,87.3,29868,8946,346,378,91.5,687,747,92.0,277,368,75.3,0,0.2,-0.2,3,125,2,0,86
303,Riyad Mahrez,dz ALG,FW,Manchester City,30,1991,16.6,767,930,82.5,13516,2654,377,422,89.3,299,346,86.4,84,143,58.7,5,3.7,+1.3,41,20,39,6,61
304,Ainsley Maitland-Niles,eng ENG,MF,Arsenal,23,1997,3.0,105,136,77.2,1923,603,48,59,81.4,47,55,85.5,10,19,52.6,0,0.3,-0.3,3,12,3,0,13
305,Sadio Mané,sn SEN,FW,Liverpool,29,1992,31.3,819,1091,75.1,13609,2896,424,510,83.1,291,390,74.6,83,109,76.1,2,4.4,-2.4,36,59,54,6,103
306,Javier Manquillo,es ESP,DF,Newcastle Utd,27,1994,14.0,298,406,73.4,4242,1731,175,203,86.2,94,132,71.2,15,42,35.7,2,0.3,+1.7,4,14,2,0,17
307,Fernando Marçal,br BRA,DF,Wolves,32,1989,16.1,677,870,77.8,11769,4012,313,351,89.2,303,368,82.3,53,114,46.5,0,0.7,-0.7,10,28,8,5,50
308,Solly March,eng ENG,"DF,FW",Brighton,27,1994,19.4,553,766,72.2,10479,2801,268,325,82.5,194,262,74.0,78,139,56.1,2,2.7,-0.7,35,28,33,10,55
309,Pablo Marí,es ESP,DF,Arsenal,27,1993,2.0,78,86,90.7,1640,531,23,26,88.5,40,41,97.6,14,17,82.4,0,0.1,-0.1,1,9,0,0,8
310,Anthony Martial,fr FRA,FW,Manchester Utd,25,1995,2.4,66,85,77.6,984,236,36,45,80.0,28,33,84.8,2,4,50.0,0,0.1,-0.1,1,2,4,0,8
311,Martinelli,br BRA,"FW,MF",Arsenal,20,2001,20.7,453,612,74.0,7430,1415,228,272,83.8,174,218,79.8,39,83,47.0,6,3.3,+2.7,34,11,16,5,31
312,Emiliano Martínez,ar ARG,GK,Aston Villa,28,1992,36.0,781,1081,72.2,23521,13735,151,152,99.3,338,341,99.1,288,583,49.4,0,0.0,0.0,0,13,0,0,0
313,Adam Masina,ma MAR,DF,Watford,27,1994,12.0,380,540,70.4,8031,3644,110,128,85.9,194,245,79.2,70,154,45.5,1,0.7,+0.3,8,27,7,5,32
314,Arthur Masuaku,cd COD,"DF,FW",West Ham,27,1993,7.2,293,375,78.1,4634,1567,163,182,89.6,113,145,77.9,15,41,36.6,1,0.9,+0.1,3,22,6,2,24
315,Juan Mata,es ESP,MF,Manchester Utd,33,1988,2.6,182,211,86.3,2951,541,100,107,93.5,58,71,81.7,18,24,75.0,0,0.2,-0.2,2,18,4,2,9
316,Jean-Philippe Mateta,fr FRA,FW,Crystal Palace,24,1997,12.7,169,243,69.5,2071,249,112,144,77.8,43,62,69.4,3,11,27.3,1,1.3,-0.3,7,4,3,1,4
317,Nemanja Matić,rs SRB,MF,Manchester Utd,32,1988,15.4,881,1010,87.2,16793,4730,364,410,88.8,373,410,91.0,125,149,83.9,4,1.8,+2.2,13,101,8,1,87
318,Joël Matip,cm CMR,DF,Liverpool,29,1991,31.0,2015,2238,90.0,43619,12745,528,584,90.4,1097,1172,93.6,379,457,82.9,3,1.2,+1.8,11,196,13,0,157
319,Neal Maupay,fr FRA,FW,Brighton,24,1996,25.3,479,617,77.6,6848,1033,289,343,84.3,139,171,81.3,24,36,66.7,2,2.2,-0.2,23,16,26,2,35
320,Bryan Mbeumo,fr FRA,FW,Brentford,21,1999,32.3,544,814,66.8,8912,1866,302,381,79.3,164,245,66.9,58,118,49.2,7,3.6,+3.4,36,25,26,5,49
321,James McArthur,sct SCO,MF,Crystal Palace,33,1987,16.0,772,927,83.3,14378,3105,305,348,87.6,348,383,90.9,95,150,63.3,3,1.0,+2.0,15,60,17,7,65
322,James Mcatee,eng ENG,"MF,FW",Manchester City,18,2002,0.2,9,13,69.2,145,5,4,6,66.7,5,6,83.3,0,1,0.0,0,0.0,0.0,0,0,0,0,0
323,Kasey McAteer,eng ENG,FW,Leicester City,19,2001,0.0,1,1,100.0,8,0,1,1,100.0,0,0,,0,0,,0,0.0,0.0,0,0,0,0,0
324,Liam McCarron,sct SCO,FW,Leeds United,20,2001,0.1,2,2,100.0,53,0,0,0,,1,1,100.0,1,1,100.0,0,0.0,0.0,0,0,0,0,0
325,Alex McCarthy,eng ENG,GK,Southampton,31,1989,17.0,315,510,61.8,9616,6216,57,57,100.0,144,146,98.6,109,301,36.2,0,0.0,0.0,1,8,0,0,0
326,John McGinn,sct SCO,MF,Aston Villa,26,1994,34.3,1004,1339,75.0,22660,8673,356,417,85.4,419,511,82.0,223,380,58.7,4,4.9,-0.9,53,171,49,16,166
327,Stuart McKinstry,sct SCO,MF,Leeds United,18,2002,0.0,3,4,75.0,31,2,1,1,100.0,1,1,100.0,0,1,0.0,0,0.0,0.0,0,0,0,0,0
328,Kenny McLean,sct SCO,MF,Norwich City,29,1992,30.1,782,1060,73.8,14338,4390,360,429,83.9,309,396,78.0,101,185,54.6,0,0.7,-0.7,8,71,20,1,83
329,Dwight McNeil,eng ENG,MF,Burnley,21,1999,34.5,798,1150,69.4,15776,4702,345,404,85.4,289,365,79.2,142,299,47.5,1,4.8,-3.8,47,64,48,26,71
330,Scott McTominay,sct SCO,MF,Manchester Utd,24,1996,26.5,1059,1246,85.0,20337,5175,427,495,86.3,460,517,89.0,151,187,80.7,1,1.8,-0.8,19,103,9,1,99
331,Ben Mee,eng ENG,DF,Burnley,31,1989,20.4,539,734,73.4,13349,5065,140,160,87.5,245,295,83.1,148,259,57.1,0,0.1,-0.1,2,54,3,1,47
332,Hannibal Mejbri,tn TUN,FW,Manchester Utd,18,2003,0.8,17,21,81.0,226,12,9,12,75.0,7,7,100.0,0,1,0.0,0,0.0,0.0,0,1,0,0,0
333,Benjamin Mendy,fr FRA,DF,Manchester City,27,1994,0.9,73,87,83.9,1355,452,26,30,86.7,38,38,100.0,8,14,57.1,0,0.3,-0.3,2,6,1,1,8
334,Edouard Mendy,sn SEN,GK,Chelsea,29,1992,34.0,781,939,83.2,18696,10527,225,227,99.1,341,348,98.0,195,343,56.9,0,0.0,0.0,0,2,0,0,0
335,Nampalys Mendy,sn SEN,MF,Leicester City,29,1992,11.5,602,650,92.6,10960,1530,255,266,95.9,273,291,93.8,62,74,83.8,0,0.0,0.0,1,33,1,0,21
336,Illan Meslier,fr FRA,GK,Leeds United,21,2000,37.6,1008,1377,73.2,25469,12478,226,227,99.6,506,512,98.8,270,630,42.9,0,0.0,0.0,0,2,0,0,0
337,Luka Milivojević,rs SRB,MF,Crystal Palace,30,1991,8.6,387,485,79.8,7751,2142,135,156,86.5,172,205,83.9,68,102,66.7,0,0.8,-0.8,10,27,6,2,34
338,James Milner,eng ENG,"MF,DF",Liverpool,35,1986,9.5,623,749,83.2,12231,3712,243,275,88.4,276,312,88.5,95,139,68.3,1,2.2,-1.2,20,74,20,2,75
339,Yerry Mina,co COL,DF,Everton,26,1994,9.4,289,353,81.9,6235,1788,86,100,86.0,130,151,86.1,60,82,73.2,0,0.0,0.0,0,15,0,0,12
340,Takumi Minamino,jp JPN,"FW,MF",Liverpool,26,1995,2.1,63,75,84.0,848,181,38,44,86.4,19,20,95.0,2,7,28.6,0,0.5,-0.5,2,5,2,0,6
341,Tyrone Mings,eng ENG,DF,Aston Villa,28,1993,35.4,1272,1580,80.5,28303,10048,334,390,85.6,697,768,90.8,232,394,58.9,3,1.5,+1.5,10,76,6,1,75
342,Tyrick Mitchell,eng ENG,DF,Crystal Palace,21,1999,34.5,1383,1898,72.9,23616,11393,633,719,88.0,621,801,77.5,103,276,37.3,2,1.3,+0.7,20,98,36,16,133
343,Jakub Moder,pl POL,"MF,FW",Brighton,22,1999,18.9,591,806,73.3,9548,2793,303,365,83.0,224,300,74.7,47,82,57.3,3,1.7,+1.3,14,52,19,3,67
344,Wesley Moraes,br BRA,FW,Aston Villa,24,1996,0.0,2,2,100.0,19,10,2,2,100.0,0,0,,0,0,,0,0.0,0.0,0,0,0,0,1
345,Tyler Morton,eng ENG,MF,Liverpool,18,2002,0.7,32,37,86.5,586,122,14,15,93.3,14,15,93.3,4,6,66.7,0,0.0,0.0,0,8,0,0,3
346,Mason Mount,eng ENG,"MF,FW",Chelsea,22,1999,26.3,991,1272,77.9,15394,4619,552,616,89.6,313,394,79.4,80,174,46.0,10,6.7,+3.3,58,65,54,10,122
347,Lucas Moura,br BRA,"FW,MF",Tottenham,28,1992,19.7,576,765,75.3,8966,2463,320,372,86.0,211,281,75.1,31,68,45.6,6,4.4,+1.6,33,51,34,6,82
348,João Moutinho,pt POR,MF,Wolves,34,1986,33.0,1671,1983,84.3,34677,7380,568,642,88.5,764,847,90.2,312,436,71.6,1,2.4,-1.4,38,148,20,3,138
349,Bali Mumba,eng ENG,DF,Norwich City,19,2001,0.5,7,10,70.0,99,36,5,6,83.3,2,2,100.0,0,2,0.0,0,0.0,0.0,0,1,0,0,1
350,Jacob Murphy,eng ENG,"FW,DF",Newcastle Utd,26,1995,16.4,364,572,63.6,6202,2264,180,231,77.9,136,190,71.6,37,99,37.4,2,2.1,-0.1,18,26,19,10,35
351,Enock Mwepu,zm ZAM,"MF,FW",Brighton,23,1998,11.1,300,398,75.4,4623,983,162,197,82.2,103,124,83.1,23,46,50.0,4,1.4,+2.6,8,12,3,0,19
352,Vitaliy Mykolenko,ua UKR,DF,Everton,22,1999,11.7,324,461,70.3,5286,2295,179,201,89.1,106,161,65.8,31,78,39.7,0,0.8,-0.8,8,19,9,5,23
353,Marvelous Nakamba,zw ZIM,MF,Aston Villa,27,1994,10.0,319,374,85.3,5376,1432,149,170,87.6,142,158,89.9,24,36,66.7,0,0.1,-0.1,3,24,1,0,27
354,Wilfred Ndidi,ng NGA,"MF,DF",Leicester City,24,1996,18.0,757,919,82.4,13270,3273,348,404,86.1,328,370,88.6,67,104,64.4,0,0.0,0.0,0,37,4,0,52
355,Tanguy Ndombele,fr FRA,MF,Tottenham,24,1996,5.4,228,264,86.4,3672,827,120,129,93.0,81,95,85.3,20,25,80.0,1,0.4,+0.6,4,23,4,0,20
356,Reiss Nelson,eng ENG,FW,Arsenal,21,1999,0.2,10,11,90.9,117,17,6,6,100.0,3,3,100.0,0,0,,0,0.0,0.0,1,1,0,0,1
357,Pedro Neto,pt POR,"FW,MF",Wolves,21,2000,5.2,171,228,75.0,2895,620,92,99,92.9,56,71,78.9,18,41,43.9,1,1.1,-0.1,13,3,4,2,10
358,Rúben Neves,pt POR,MF,Wolves,24,1997,29.6,1593,1925,82.8,38841,8227,343,401,85.5,818,913,89.6,423,573,73.8,2,2.2,-0.2,23,196,31,4,146
359,Jeremy Ngakia,eng ENG,DF,Watford,20,2000,10.0,322,433,74.4,5991,2810,129,149,86.6,150,184,81.5,39,82,47.6,0,0.5,-0.5,4,29,8,3,31
360,Saúl Ñíguez,es ESP,"MF,DF",Chelsea,26,1994,5.3,302,348,86.8,5152,988,148,161,91.9,115,130,88.5,31,43,72.1,0,0.3,-0.3,3,13,2,2,7
361,Eddie Nketiah,eng ENG,FW,Arsenal,22,1999,9.3,187,233,80.3,2928,385,96,115,83.5,76,89,85.4,9,14,64.3,1,1.4,-0.4,11,6,4,0,10
362,Nicolas Nkoulou,cm CMR,DF,Watford,31,1990,1.9,46,53,86.8,1088,162,10,11,90.9,24,27,88.9,11,14,78.6,0,0.0,0.0,1,2,0,0,1
363,Mark Noble,eng ENG,MF,West Ham,34,1987,3.7,249,276,90.2,4670,1166,94,102,92.2,123,127,96.9,30,43,69.8,0,0.2,-0.2,2,21,0,0,9
364,Mathias Normann,no NOR,MF,Norwich City,25,1996,18.3,537,778,69.0,12005,3792,182,220,82.7,236,311,75.9,112,220,50.9,2,1.8,+0.2,13,56,13,2,67
365,Christian Nørgaard,dk DEN,MF,Brentford,27,1994,33.9,1319,1653,79.8,24102,7089,559,668,83.7,566,669,84.6,158,240,65.8,4,3.1,+0.9,29,148,27,6,163
366,Angelo Ogbonna,it ITA,DF,West Ham,33,1988,10.2,392,452,86.7,8588,2244,98,103,95.1,226,240,94.2,65,103,63.1,0,0.0,0.0,0,18,0,0,10
367,Michael Olise,fr FRA,"FW,MF",Crystal Palace,19,2001,12.7,464,640,72.5,8506,2476,215,255,84.3,185,243,76.1,58,119,48.7,5,3.4,+1.6,24,29,27,8,65
368,Robin Olsen,se SWE,GK,Aston Villa,31,1990,1.0,25,48,52.1,955,679,4,4,100.0,8,8,100.0,12,34,35.3,0,0.0,0.0,0,0,0,0,0
369,Andrew Omobamidele,ie IRL,DF,Norwich City,19,2002,4.2,196,226,86.7,3981,1133,68,77,88.3,94,103,91.3,32,42,76.2,0,0.0,0.0,0,11,0,0,13
370,Tyler Onyango,eng ENG,"MF,FW",Everton,18,2003,0.3,0,1,0.0,0,0,0,0,,0,1,0.0,0,0,,0,0.0,0.0,0,0,0,0,0
371,Frank Onyeka,ng NGA,MF,Brentford,23,1998,11.6,260,326,79.8,4449,927,115,139,82.7,113,130,86.9,26,40,65.0,0,0.2,-0.2,4,19,6,0,22
372,Divock Origi,be BEL,FW,Liverpool,26,1995,1.5,30,37,81.1,374,75,19,25,76.0,6,6,100.0,1,1,100.0,0,0.0,0.0,0,2,1,0,2
373,Alex Oxlade-Chamberlain,eng ENG,"MF,FW",Liverpool,27,1993,8.7,318,403,78.9,6344,1474,125,149,83.9,130,152,85.5,55,80,68.8,1,0.9,+0.1,9,40,16,3,45
374,Cole Palmer,eng ENG,"FW,MF",Manchester City,19,2002,1.4,45,53,84.9,621,114,29,31,93.5,11,14,78.6,4,6,66.7,0,0.2,-0.2,2,2,4,0,5
375,Emerson Palmieri,it ITA,DF,Chelsea,26,1994,0.1,1,2,50.0,8,0,1,1,100.0,0,0,,0,0,,0,0.0,0.0,0,0,0,0,0
376,Thomas Partey,gh GHA,MF,Arsenal,28,1993,22.5,1016,1183,85.9,19557,4742,420,465,90.3,422,477,88.5,158,210,75.2,1,1.3,-0.3,18,111,13,0,116
377,João Pedro,br BRA,"FW,MF",Watford,19,2001,18.3,397,576,68.9,6697,1733,213,292,72.9,120,170,70.6,47,71,66.2,1,2.6,-1.6,17,41,21,4,56
378,Nicolas Pépé,ci CIV,"FW,MF",Arsenal,26,1995,7.7,293,365,80.3,4404,1006,174,200,87.0,86,105,81.9,19,40,47.5,2,1.7,+0.3,13,10,10,3,14
379,Ricardo Pereira,pt POR,DF,Leicester City,27,1993,11.0,520,646,80.5,8123,2772,290,320,90.6,199,234,85.0,26,61,42.6,3,1.3,+1.7,10,17,15,3,38
380,Ayoze Pérez,es ESP,"MF,FW",Leicester City,28,1993,4.9,121,155,78.1,1881,523,68,83,81.9,39,50,78.0,9,13,69.2,3,0.9,+2.1,9,9,6,0,20
381,Sonny Perkins,eng ENG,FW,West Ham,17,2004,0.0,0,1,0.0,0,0,0,0,,0,1,0.0,0,0,,0,0.0,0.0,0,0,0,0,0
382,Romain Perraud,fr FRA,DF,Southampton,23,1997,18.0,492,750,65.6,7475,3191,280,325,86.2,173,274,63.1,24,99,24.2,1,0.6,+0.4,10,29,14,5,44
383,Kalvin Phillips,eng ENG,MF,Leeds United,25,1995,17.7,769,944,81.5,16912,4283,240,279,86.0,360,395,91.1,160,246,65.0,1,0.2,+0.8,8,78,14,2,73
384,Jaden Philogene Bidace,eng ENG,FW,Aston Villa,19,2002,0.1,0,0,,0,0,0,0,,0,0,,0,0,,0,0.0,0.0,0,0,0,0,0
385,Jordan Pickford,eng ENG,GK,Everton,27,1994,35.0,594,1135,52.3,25486,18650,63,63,100.0,184,187,98.4,345,883,39.1,0,0.1,-0.1,4,60,3,0,0
386,Erik Pieters,nl NED,DF,Burnley,32,1988,8.1,242,344,70.3,4074,1707,122,149,81.9,95,121,78.5,20,56,35.7,1,0.8,+0.2,1,19,1,0,22
387,Ethan Pinnock,jm JAM,DF,Brentford,28,1993,29.9,1180,1555,75.9,23816,8986,398,463,86.0,590,746,79.1,179,313,57.2,1,1.2,-0.2,10,67,7,3,58
388,Daniel Podence,pt POR,"FW,MF",Wolves,25,1995,16.5,465,636,73.1,7740,2437,243,296,82.1,149,199,74.9,54,94,57.4,3,3.8,-0.8,35,32,36,10,77
389,Paul Pogba,fr FRA,"MF,FW",Manchester Utd,28,1993,15.0,738,879,84.0,14891,3918,302,345,87.5,281,315,89.2,134,171,78.4,9,3.5,+5.5,24,110,26,5,94
390,Nick Pope,eng ENG,GK,Burnley,29,1992,36.0,530,1078,49.2,25133,20295,26,30,86.7,113,118,95.8,390,926,42.1,0,0.2,-0.2,3,45,3,0,0
391,Isaac Price,nir NIR,MF,Everton,17,2003,0.2,1,1,100.0,16,0,0,0,,1,1,100.0,0,0,,0,0.0,0.0,0,0,0,0,0
392,Teemu Pukki,fi FIN,FW,Norwich City,31,1990,36.1,392,526,74.5,6053,849,222,276,80.4,130,167,77.8,28,40,70.0,3,2.8,+0.2,25,16,6,1,24
393,Christian Pulisic,us USA,"MF,FW",Chelsea,22,1998,14.3,368,462,79.7,5338,1043,232,269,86.2,119,145,82.1,11,19,57.9,2,1.2,+0.8,15,23,10,0,30
394,Przemysław Płacheta,pl POL,"FW,MF",Norwich City,23,1998,5.6,107,157,68.2,1840,560,57,68,83.8,33,45,73.3,13,25,52.0,0,0.7,-0.7,4,9,4,2,12
395,Jesuran Rak Sakyi,eng ENG,"FW,MF",Crystal Palace,18,2002,0.9,25,30,83.3,322,56,17,19,89.5,6,7,85.7,1,1,100.0,0,0.0,0.0,0,1,0,0,1
396,Aaron Ramsdale,eng ENG,GK,Arsenal,23,1998,34.0,788,1156,68.2,22393,13488,181,183,98.9,356,362,98.3,247,604,40.9,0,0.0,0.0,0,28,0,0,1
397,Jacob Ramsey,eng ENG,MF,Aston Villa,20,2001,27.4,898,1042,86.2,15450,3923,434,484,89.7,348,389,89.5,97,120,80.8,1,2.0,-1.0,19,88,22,3,93
398,Marcus Rashford,eng ENG,"FW,MF",Manchester Utd,23,1997,13.7,297,422,70.4,4190,851,185,236,78.4,84,121,69.4,15,33,45.5,2,2.0,0.0,9,18,11,3,26
399,Milot Rashica,xk KVX,"FW,MF",Norwich City,25,1996,24.8,376,597,63.0,7238,2210,167,213,78.4,148,217,68.2,56,138,40.6,2,2.6,-0.6,37,31,22,8,41
400,David Raya,es ESP,GK,Brentford,25,1995,24.0,705,1051,67.1,24502,16309,98,98,100.0,282,288,97.9,322,659,48.9,0,0.0,0.0,1,36,1,0,3
401,Nathan Redmond,eng ENG,"MF,FW",Southampton,27,1994,20.4,511,726,70.4,8591,2591,264,318,83.0,180,257,70.0,49,114,43.0,5,4.3,+0.7,34,31,44,14,78
402,Sergio Reguilón,es ESP,DF,Tottenham,24,1996,21.3,744,986,75.5,13194,4159,356,420,84.8,307,391,78.5,72,132,54.5,3,4.0,-1.0,30,32,29,20,52
403,Declan Rice,eng ENG,MF,West Ham,22,1999,35.3,1950,2151,90.7,39536,9246,730,781,93.5,879,942,93.3,320,387,82.7,4,2.0,+2.0,24,242,31,10,149
404,Taylor Richards,eng ENG,"MF,FW",Brighton,20,2000,0.3,23,27,85.2,431,111,7,8,87.5,12,14,85.7,3,3,100.0,0,0.0,0.0,0,2,0,0,2
405,Richarlison,br BRA,"FW,MF",Everton,24,1997,28.0,352,570,61.8,5326,1162,184,256,71.9,122,174,70.1,23,54,42.6,5,2.4,+2.6,26,22,11,1,34
406,Jaïro Riedewald,nl NED,MF,Crystal Palace,24,1996,1.3,45,54,83.3,920,217,13,16,81.3,26,27,96.3,6,9,66.7,0,0.1,-0.1,2,3,0,0,4
407,Matt Ritchie,sct SCO,DF,Newcastle Utd,31,1989,14.9,511,703,72.7,10284,5160,233,260,89.6,175,217,80.6,97,208,46.6,2,1.6,+0.4,29,39,15,7,48
408,Connor Roberts,wls WAL,DF,Burnley,25,1995,18.8,562,834,67.4,10640,4678,246,283,86.9,228,327,69.7,83,202,41.1,1,1.1,-0.1,13,41,17,7,63
409,Tyler Roberts,wls WAL,"MF,FW",Leeds United,22,1999,11.0,222,301,73.8,3529,831,119,145,82.1,67,90,74.4,22,38,57.9,1,1.2,-0.2,15,18,12,3,24
410,Andrew Robertson,sct SCO,DF,Liverpool,27,1994,28.2,1859,2294,81.0,33724,11980,846,923,91.7,821,955,86.0,183,356,51.4,10,5.2,+4.8,55,139,49,14,198
411,Joe Rodon,wls WAL,DF,Tottenham,23,1997,1.0,28,31,90.3,598,152,8,8,100.0,14,16,87.5,6,7,85.7,0,0.0,0.0,0,2,0,0,0
412,Rodri,es ESP,MF,Manchester City,25,1996,32.0,2587,2796,92.5,52886,10194,932,983,94.8,1215,1286,94.5,424,491,86.4,2,1.4,+0.6,25,242,36,1,179
413,Rodrigo,es ESP,"MF,FW",Leeds United,30,1991,25.2,667,895,74.5,11252,2788,347,437,79.4,218,275,79.3,77,116,66.4,1,4.6,-3.6,40,67,34,10,76
414,Jay Rodriguez,eng ENG,FW,Burnley,32,1989,15.4,209,319,65.5,2729,733,141,180,78.3,46,88,52.3,7,21,33.3,2,1.9,+0.1,12,17,3,1,18
415,Mads Roerslev,dk DEN,DF,Brentford,22,1999,13.8,230,344,66.9,4264,1403,89,110,80.9,105,150,70.0,30,64,46.9,1,0.9,+0.1,9,12,10,9,26
416,Cristian Romero,ar ARG,DF,Tottenham,23,1998,20.5,1117,1278,87.4,22003,7095,398,434,91.7,558,591,94.4,150,222,67.6,0,0.5,-0.5,6,58,7,0,52
417,Oriol Romeu,es ESP,MF,Southampton,29,1991,32.1,1396,1685,82.8,26627,6081,608,701,86.7,572,664,86.1,192,266,72.2,2,2.8,-0.8,35,125,25,2,125
418,Cristiano Ronaldo,pt POR,FW,Manchester Utd,36,1985,27.3,718,888,80.9,9995,1448,443,514,86.2,217,265,81.9,28,41,68.3,3,3.1,-0.1,24,37,16,0,49
419,Salomón Rondón,ve VEN,FW,Everton,31,1989,8.8,128,192,66.7,1600,237,80,107,74.8,26,48,54.2,5,9,55.6,1,0.7,+0.3,7,7,2,0,4
420,Danny Rose,eng ENG,DF,Watford,31,1990,7.7,221,331,66.8,4636,2661,81,91,89.0,97,132,73.5,39,88,44.3,0,0.8,-0.8,5,24,7,1,32
421,Jon Rowe,eng ENG,"FW,MF",Norwich City,18,2003,2.5,50,71,70.4,630,210,33,39,84.6,10,15,66.7,3,8,37.5,1,0.3,+0.7,4,2,2,0,4
422,John Ruddy,eng ENG,GK,Wolves,34,1986,1.5,19,29,65.5,558,382,5,5,100.0,6,6,100.0,8,18,44.4,0,0.0,0.0,0,1,0,0,0
423,Antonio Rüdiger,de GER,DF,Chelsea,28,1993,33.7,2162,2447,88.4,46177,13796,656,697,94.1,1137,1210,94.0,356,504,70.6,0,1.1,-1.1,13,220,29,4,161
424,Lukas Rupp,de GER,MF,Norwich City,30,1991,8.5,327,393,83.2,5589,1339,162,177,91.5,122,141,86.5,33,52,63.5,0,1.2,-1.2,9,18,6,1,29
425,José Sá,pt POR,GK,Wolves,28,1993,36.5,740,1089,68.0,21883,12476,147,148,99.3,300,304,98.7,286,629,45.5,1,1.0,0.0,4,14,2,0,1
426,Allan Saint-Maximin,fr FRA,"FW,MF",Newcastle Utd,24,1997,31.2,547,758,72.2,9115,2128,282,340,82.9,198,262,75.6,51,95,53.7,5,5.8,-0.8,51,45,32,9,56
427,Romain Saïss,ma MAR,DF,Wolves,31,1990,30.1,1415,1718,82.4,29554,13832,440,483,91.1,748,846,88.4,217,359,60.4,0,0.4,-0.4,6,150,2,0,120
428,Bukayo Saka,eng ENG,"FW,MF",Arsenal,19,2001,33.1,892,1184,75.3,13502,3277,514,604,85.1,293,376,77.9,58,126,46.0,7,6.9,+0.1,65,36,32,7,73
429,Mohamed Salah,eg EGY,FW,Liverpool,29,1992,30.7,869,1118,77.7,12439,3620,550,633,86.9,256,332,77.1,39,74,52.7,13,10.4,+2.6,61,35,61,8,123
430,Mohammed Salisu,gh GHA,DF,Southampton,22,1999,33.0,1375,1780,77.2,27017,11298,497,575,86.4,699,829,84.3,168,344,48.8,0,0.5,-0.5,8,149,7,2,118
431,Albert Sambi Lokonga,be BEL,MF,Arsenal,21,1999,12.6,719,802,89.7,13212,2841,311,336,92.6,305,327,93.3,91,123,74.0,0,0.8,-0.8,18,64,17,1,61
432,Davinson Sánchez,co COL,DF,Tottenham,25,1996,18.1,972,1088,89.3,19470,5422,317,339,93.5,517,546,94.7,126,179,70.4,0,0.4,-0.4,4,78,8,1,52
433,Robert Sánchez,es ESP,GK,Brighton,23,1997,37.0,1053,1500,70.2,30548,15632,163,164,99.4,545,556,98.0,345,777,44.4,0,0.4,-0.4,3,28,2,0,1
434,Jadon Sancho,eng ENG,"FW,MF",Manchester Utd,21,2000,21.1,810,982,82.5,11532,2687,500,576,86.8,256,308,83.1,32,49,65.3,3,4.2,-1.2,41,27,36,6,72
435,Morgan Sanson,fr FRA,MF,Aston Villa,26,1994,4.0,121,157,77.1,2086,490,61,65,93.8,52,65,80.0,7,18,38.9,0,0.0,0.0,1,15,1,0,10
436,Samir Santos,br BRA,DF,Watford,26,1994,18.6,537,659,81.5,11529,3410,156,170,91.8,278,315,88.3,93,159,58.5,0,0.1,-0.1,2,24,2,0,22
